Make,Date,Series,Title,Person,Rating (Sell),Weather,Shape,Cost
Cambs,23/06/2022,Comfort,Bergen Four Person,4,2,Sunny,Square,299
Cambs,23/06/2022,Comfort,Bergen Six Person,6,3,Sunny,Square,350
Cambs,23/06/2022,Comfort,Tekapo Six person,6,3,Sunny,Round,579
Cambs,23/06/2022,Comfort,Tekapo Four person,4,3,Sunny,Round,499
Cambs,23/06/2022,Frame,Tuscany Six Person,6,5,Sunny,Round,1299
Cambs,23/06/2022,Frame,Mono Six Person,6,5,Sunny,Round,999
Cambs,23/06/2022,Urban,Rimba Six person,6,5,Sunny,Round,649
Cambs,23/06/2022,Comfort,Ottomon Six person,6,4,Sunny,Round,549
Cambs,23/06/2022,Premium,Camaro Four Person,4,5,Sunny,Round,649
Amazon,23/06/2022,Comfort,Bergen Four Person,4,2,Sunny,Square,247
Amazon,23/06/2022,Comfort,Bergen Six Person,6,3,Sunny,Square,289
Amazon,23/06/2022,Comfort,Tekapo Six person,6,3,Sunny,Round,359
Amazon,23/06/2022,Comfort,Tekapo Four person,4,3,Sunny,Round,339
Amazon,23/06/2022,Frame,Tuscany Six Person,6,5,Sunny,Round,1299
Amazon,23/06/2022,Frame,Mono Six Person,6,5,Sunny,Round,799
Amazon,23/06/2022,Urban,Rimba Six person,6,5,Sunny,Round,600
Amazon,23/06/2022,Comfort,Ottomon Six person,6,4,Sunny,Round,800
Amazon,23/06/2022,Premium,Camaro Four Person,4,5,Sunny,Round,649
Amazon,23/06/2022,Urban,Nest Two Person,2,5,Sunny,Square Round,530
Alice,23/06/2022,Comfort,Bergen Four Person,4,2,Sunny,Square,299
Alice,23/06/2022,Comfort,Bergen Six Person,6,3,Sunny,Square,350
Alice,23/06/2022,Comfort,Tekapo Six person,6,3,Sunny,Round,300
Alice,23/06/2022,Comfort,Tekapo Four person,4,3,Sunny,Round,300
Alice,23/06/2022,Frame,Tuscany Six Person,6,5,Sunny,Round,1299
Alice,23/06/2022,Frame,Mono Six Person,6,5,Sunny,Round,300
Alice,23/06/2022,Urban,Lite six person,6,2,Sunny,Square,299
Alice,23/06/2022,Comfort,Lite Four Person,4,2,Sunny,Round,249
Alice,23/06/2022,Urban,Nest Two Person,2,5,Sunny,Square Round,570
GSD,23/06/2022,Comfort,Bergen Four Person,4,2,Sunny,Square,349
GSD,23/06/2022,Comfort,Bergen Six Person,6,3,Sunny,Square,379
GSD,23/06/2022,Comfort,Tekapo Six person,6,3,Sunny,Round,349
GSD,23/06/2022,Comfort,Tekapo Four person,4,3,Sunny,Round,419
GSD,23/06/2022,Frame,Tuscany Six Person,6,5,Sunny,Round,1200
GSD,23/06/2022,Frame,Mono Six Person,6,5,Sunny,Round,799
GSD,23/06/2022,Urban,Rimba Six person,6,5,Sunny,Round,585
GSD,23/06/2022,Comfort,Ottomon Six person,6,4,Sunny,Round,600
GSD,23/06/2022,Premium,Camaro Four Person,4,5,Sunny,Round,0
Mspa,23/06/2022,Comfort,Bergen Four Person,4,2,Sunny,Square,377
Mspa,23/06/2022,Comfort,Bergen Six Person,6,3,Sunny,Square,349
Mspa,23/06/2022,Comfort,Tekapo Six person,6,3,Sunny,Round,357
Mspa,23/06/2022,Comfort,Tekapo Four person,4,3,Sunny,Round,359
Mspa,23/06/2022,Frame,Tuscany Six Person,6,5,Sunny,Round,1274
Mspa,23/06/2022,Frame,Mono Six Person,6,5,Sunny,Round,959
Mspa,23/06/2022,Urban,Rimba Six person,6,5,Sunny,Round,569
Mspa,23/06/2022,Comfort,Ottomon Six person,6,4,Sunny,Round,519
Mspa,23/06/2022,Premium,Camaro Four Person,4,5,Sunny,Round,594
Frono,23/06/2022,Comfort,Bergen Four Person,4,2,Sunny,Square,379
Frono,23/06/2022,Comfort,Bergen Six Person,6,3,Sunny,Square,349
Frono,23/06/2022,Comfort,Tekapo Six person,6,3,Sunny,Round,350
Frono,23/06/2022,Comfort,Tekapo Four person,4,3,Sunny,Round,329
Frono,23/06/2022,Frame,Tuscany Six Person,6,5,Sunny,Round,1199
Frono,23/06/2022,Frame,Mono Six Person,6,5,Sunny,Round,999
Frono,23/06/2022,Urban,Rimba Six person,6,2,Sunny,Round,339
Frono,23/06/2022,Comfort,Ottomon Six person,6,5,Sunny,Round,500
Frono,23/06/2022,Premium,Camaro Four Person,4,5,Sunny,Round,500
Cambs,24/06/2022,Comfort,Bergen Four Person,4,2,Cloudy,Square,249
Cambs,24/06/2022,Comfort,Bergen Six Person,6,3,Cloudy,Square,300
Cambs,24/06/2022,Comfort,Tekapo Six person,6,3,Cloudy,Round,529
Cambs,24/06/2022,Comfort,Tekapo Four person,4,3,Cloudy,Round,449
Cambs,24/06/2022,Frame,Tuscany Six Person,6,5,Cloudy,Round,1249
Cambs,24/06/2022,Frame,Mono Six Person,6,5,Cloudy,Round,949
Cambs,24/06/2022,Urban,Rimba Six person,6,5,Cloudy,Round,599
Cambs,24/06/2022,Comfort,Ottomon Six person,6,4,Cloudy,Round,499
Cambs,24/06/2022,Premium,Camaro Four Person,4,5,Cloudy,Round,599
Amazon,24/06/2022,Comfort,Bergen Four Person,4,2,Cloudy,Square,197
Amazon,24/06/2022,Comfort,Bergen Six Person,6,3,Cloudy,Square,239
Amazon,24/06/2022,Comfort,Tekapo Six person,6,3,Cloudy,Round,309
Amazon,24/06/2022,Comfort,Tekapo Four person,4,3,Cloudy,Round,289
Amazon,24/06/2022,Frame,Tuscany Six Person,6,5,Cloudy,Round,1249
Amazon,24/06/2022,Frame,Mono Six Person,6,5,Cloudy,Round,749
Amazon,24/06/2022,Urban,Rimba Six person,6,5,Cloudy,Round,550
Amazon,24/06/2022,Comfort,Ottomon Six person,6,4,Cloudy,Round,750
Amazon,24/06/2022,Premium,Camaro Four Person,4,5,Cloudy,Round,599
Amazon,24/06/2022,Urban,Nest Two Person,2,5,Cloudy,Square Round,480
Alice,24/06/2022,Comfort,Bergen Four Person,4,2,Cloudy,Square,249
Alice,24/06/2022,Comfort,Bergen Six Person,6,3,Cloudy,Square,300
Alice,24/06/2022,Comfort,Tekapo Six person,6,3,Cloudy,Round,0
Alice,24/06/2022,Comfort,Tekapo Four person,4,3,Cloudy,Round,0
Alice,24/06/2022,Frame,Tuscany Six Person,6,5,Cloudy,Round,1249
Alice,24/06/2022,Frame,Mono Six Person,6,5,Cloudy,Round,0
Alice,24/06/2022,Urban,Lite six person,6,2,Cloudy,Square,249
Alice,24/06/2022,Comfort,Lite Four Person,4,2,Cloudy,Round,199
Alice,24/06/2022,Urban,Nest Two Person,2,5,Cloudy,Square Round,520
GSD,24/06/2022,Comfort,Bergen Four Person,4,2,Cloudy,Square,299
GSD,24/06/2022,Comfort,Bergen Six Person,6,3,Cloudy,Square,329
GSD,24/06/2022,Comfort,Tekapo Six person,6,3,Cloudy,Round,299
GSD,24/06/2022,Comfort,Tekapo Four person,4,3,Cloudy,Round,369
GSD,24/06/2022,Frame,Tuscany Six Person,6,5,Cloudy,Round,1150
GSD,24/06/2022,Frame,Mono Six Person,6,5,Cloudy,Round,749
GSD,24/06/2022,Urban,Rimba Six person,6,5,Cloudy,Round,535
GSD,24/06/2022,Comfort,Ottomon Six person,6,4,Cloudy,Round,550
GSD,24/06/2022,Premium,Camaro Four Person,4,5,Cloudy,Round,0
Mspa,24/06/2022,Comfort,Bergen Four Person,4,2,Cloudy,Square,327
Mspa,24/06/2022,Comfort,Bergen Six Person,6,3,Cloudy,Square,299
Mspa,24/06/2022,Comfort,Tekapo Six person,6,3,Cloudy,Round,307
Mspa,24/06/2022,Comfort,Tekapo Four person,4,3,Cloudy,Round,309
Mspa,24/06/2022,Frame,Tuscany Six Person,6,5,Cloudy,Round,1224
Mspa,24/06/2022,Frame,Mono Six Person,6,5,Cloudy,Round,909
Mspa,24/06/2022,Urban,Rimba Six person,6,5,Cloudy,Round,519
Mspa,24/06/2022,Comfort,Ottomon Six person,6,4,Cloudy,Round,469
Mspa,24/06/2022,Premium,Camaro Four Person,4,5,Cloudy,Round,544
Frono,24/06/2022,Comfort,Bergen Four Person,4,2,Cloudy,Square,329
Frono,24/06/2022,Comfort,Bergen Six Person,6,3,Cloudy,Square,299
Frono,24/06/2022,Comfort,Tekapo Six person,6,3,Cloudy,Round,300
Frono,24/06/2022,Comfort,Tekapo Four person,4,3,Cloudy,Round,279
Frono,24/06/2022,Frame,Tuscany Six Person,6,5,Cloudy,Round,1149
Frono,24/06/2022,Frame,Mono Six Person,6,5,Cloudy,Round,949
Frono,24/06/2022,Urban,Rimba Six person,6,2,Cloudy,Round,289
Frono,24/06/2022,Comfort,Ottomon Six person,6,5,Cloudy,Round,450
Frono,24/06/2022,Premium,Camaro Four Person,4,5,Cloudy,Round,450
Cambs,25/06/2022,Comfort,Bergen Four Person,4,2,Cloudy,Square,249
Cambs,25/06/2022,Comfort,Bergen Six Person,6,3,Cloudy,Square,300
Cambs,25/06/2022,Comfort,Tekapo Six person,6,3,Cloudy,Round,529
Cambs,25/06/2022,Comfort,Tekapo Four person,4,3,Cloudy,Round,449
Cambs,25/06/2022,Frame,Tuscany Six Person,6,5,Cloudy,Round,1249
Cambs,25/06/2022,Frame,Mono Six Person,6,5,Cloudy,Round,949
Cambs,25/06/2022,Urban,Rimba Six person,6,5,Cloudy,Round,599
Cambs,25/06/2022,Comfort,Ottomon Six person,6,4,Cloudy,Round,499
Cambs,25/06/2022,Premium,Camaro Four Person,4,5,Cloudy,Round,599
Amazon,25/06/2022,Comfort,Bergen Four Person,4,2,Cloudy,Square,197
Amazon,25/06/2022,Comfort,Bergen Six Person,6,3,Cloudy,Square,239
Amazon,25/06/2022,Comfort,Tekapo Six person,6,3,Cloudy,Round,309
Amazon,25/06/2022,Comfort,Tekapo Four person,4,3,Cloudy,Round,289
Amazon,25/06/2022,Frame,Tuscany Six Person,6,5,Cloudy,Round,1249
Amazon,25/06/2022,Frame,Mono Six Person,6,5,Cloudy,Round,749
Amazon,25/06/2022,Urban,Rimba Six person,6,5,Cloudy,Round,550
Amazon,25/06/2022,Comfort,Ottomon Six person,6,4,Cloudy,Round,750
Amazon,25/06/2022,Premium,Camaro Four Person,4,5,Cloudy,Round,599
Amazon,25/06/2022,Urban,Nest Two Person,2,5,Cloudy,Square Round,480
Alice,25/06/2022,Comfort,Bergen Four Person,4,2,Cloudy,Square,249
Alice,25/06/2022,Comfort,Bergen Six Person,6,3,Cloudy,Square,300
Alice,25/06/2022,Comfort,Tekapo Six person,6,3,Cloudy,Round,0
Alice,25/06/2022,Comfort,Tekapo Four person,4,3,Cloudy,Round,0
Alice,25/06/2022,Frame,Tuscany Six Person,6,5,Cloudy,Round,1249
Alice,25/06/2022,Frame,Mono Six Person,6,5,Cloudy,Round,0
Alice,25/06/2022,Urban,Lite six person,6,2,Cloudy,Square,249
Alice,25/06/2022,Comfort,Lite Four Person,4,2,Cloudy,Round,199
Alice,25/06/2022,Urban,Nest Two Person,2,5,Cloudy,Square Round,520
GSD,25/06/2022,Comfort,Bergen Four Person,4,2,Cloudy,Square,299
GSD,25/06/2022,Comfort,Bergen Six Person,6,3,Cloudy,Square,329
GSD,25/06/2022,Comfort,Tekapo Six person,6,3,Cloudy,Round,299
GSD,25/06/2022,Comfort,Tekapo Four person,4,3,Cloudy,Round,369
GSD,25/06/2022,Frame,Tuscany Six Person,6,5,Cloudy,Round,1150
GSD,25/06/2022,Frame,Mono Six Person,6,5,Cloudy,Round,749
GSD,25/06/2022,Urban,Rimba Six person,6,5,Cloudy,Round,535
GSD,25/06/2022,Comfort,Ottomon Six person,6,4,Cloudy,Round,550
GSD,25/06/2022,Premium,Camaro Four Person,4,5,Cloudy,Round,0
Mspa,25/06/2022,Comfort,Bergen Four Person,4,2,Cloudy,Square,327
Mspa,25/06/2022,Comfort,Bergen Six Person,6,3,Cloudy,Square,299
Mspa,25/06/2022,Comfort,Tekapo Six person,6,3,Cloudy,Round,307
Mspa,25/06/2022,Comfort,Tekapo Four person,4,3,Cloudy,Round,309
Mspa,25/06/2022,Frame,Tuscany Six Person,6,5,Cloudy,Round,1224
Mspa,25/06/2022,Frame,Mono Six Person,6,5,Cloudy,Round,909
Mspa,25/06/2022,Urban,Rimba Six person,6,5,Cloudy,Round,519
Mspa,25/06/2022,Comfort,Ottomon Six person,6,4,Cloudy,Round,469
Mspa,25/06/2022,Premium,Camaro Four Person,4,5,Cloudy,Round,544
Frono,25/06/2022,Comfort,Bergen Four Person,4,2,Cloudy,Square,329
Frono,25/06/2022,Comfort,Bergen Six Person,6,3,Cloudy,Square,299
Frono,25/06/2022,Comfort,Tekapo Six person,6,3,Cloudy,Round,300
Frono,25/06/2022,Comfort,Tekapo Four person,4,3,Cloudy,Round,279
Frono,25/06/2022,Frame,Tuscany Six Person,6,5,Cloudy,Round,1149
Frono,25/06/2022,Frame,Mono Six Person,6,5,Cloudy,Round,949
Frono,25/06/2022,Urban,Rimba Six person,6,2,Cloudy,Round,289
Frono,25/06/2022,Comfort,Ottomon Six person,6,5,Cloudy,Round,450
Frono,25/06/2022,Premium,Camaro Four Person,4,5,Cloudy,Round,450
Cambs,26/06/2022,Comfort,Bergen Four Person,4,2,Sunny,Square,299
Cambs,26/06/2022,Comfort,Bergen Six Person,6,3,Sunny,Square,350
Cambs,26/06/2022,Comfort,Tekapo Six person,6,3,Sunny,Round,579
Cambs,26/06/2022,Comfort,Tekapo Four person,4,3,Sunny,Round,499
Cambs,26/06/2022,Frame,Tuscany Six Person,6,5,Sunny,Round,1299
Cambs,26/06/2022,Frame,Mono Six Person,6,5,Sunny,Round,999
Cambs,26/06/2022,Urban,Rimba Six person,6,5,Sunny,Round,649
Cambs,26/06/2022,Comfort,Ottomon Six person,6,4,Sunny,Round,549
Cambs,26/06/2022,Premium,Camaro Four Person,4,5,Sunny,Round,649
Amazon,26/06/2022,Comfort,Bergen Four Person,4,2,Sunny,Square,247
Amazon,26/06/2022,Comfort,Bergen Six Person,6,3,Sunny,Square,289
Amazon,26/06/2022,Comfort,Tekapo Six person,6,3,Sunny,Round,359
Amazon,26/06/2022,Comfort,Tekapo Four person,4,3,Sunny,Round,339
Amazon,26/06/2022,Frame,Tuscany Six Person,6,5,Sunny,Round,1299
Amazon,26/06/2022,Frame,Mono Six Person,6,5,Sunny,Round,799
Amazon,26/06/2022,Urban,Rimba Six person,6,5,Sunny,Round,600
Amazon,26/06/2022,Comfort,Ottomon Six person,6,4,Sunny,Round,800
Amazon,26/06/2022,Premium,Camaro Four Person,4,5,Sunny,Round,649
Amazon,26/06/2022,Urban,Nest Two Person,2,5,Sunny,Square Round,530
Alice,26/06/2022,Comfort,Bergen Four Person,4,2,Sunny,Square,299
Alice,26/06/2022,Comfort,Bergen Six Person,6,3,Sunny,Square,350
Alice,26/06/2022,Comfort,Tekapo Six person,6,3,Sunny,Round,0
Alice,26/06/2022,Comfort,Tekapo Four person,4,3,Sunny,Round,0
Alice,26/06/2022,Frame,Tuscany Six Person,6,5,Sunny,Round,1299
Alice,26/06/2022,Frame,Mono Six Person,6,5,Sunny,Round,0
Alice,26/06/2022,Urban,Lite six person,6,2,Sunny,Square,299
Alice,26/06/2022,Comfort,Lite Four Person,4,2,Sunny,Round,249
Alice,26/06/2022,Urban,Nest Two Person,2,5,Sunny,Square Round,570
GSD,26/06/2022,Comfort,Bergen Four Person,4,2,Sunny,Square,349
GSD,26/06/2022,Comfort,Bergen Six Person,6,3,Sunny,Square,379
GSD,26/06/2022,Comfort,Tekapo Six person,6,3,Sunny,Round,349
GSD,26/06/2022,Comfort,Tekapo Four person,4,3,Sunny,Round,419
GSD,26/06/2022,Frame,Tuscany Six Person,6,5,Sunny,Round,1200
GSD,26/06/2022,Frame,Mono Six Person,6,5,Sunny,Round,799
GSD,26/06/2022,Urban,Rimba Six person,6,5,Sunny,Round,585
GSD,26/06/2022,Comfort,Ottomon Six person,6,4,Sunny,Round,600
GSD,26/06/2022,Premium,Camaro Four Person,4,5,Sunny,Round,0
Mspa,26/06/2022,Comfort,Bergen Four Person,4,2,Sunny,Square,377
Mspa,26/06/2022,Comfort,Bergen Six Person,6,3,Sunny,Square,349
Mspa,26/06/2022,Comfort,Tekapo Six person,6,3,Sunny,Round,357
Mspa,26/06/2022,Comfort,Tekapo Four person,4,3,Sunny,Round,359
Mspa,26/06/2022,Frame,Tuscany Six Person,6,5,Sunny,Round,1274
Mspa,26/06/2022,Frame,Mono Six Person,6,5,Sunny,Round,959
Mspa,26/06/2022,Urban,Rimba Six person,6,5,Sunny,Round,569
Mspa,26/06/2022,Comfort,Ottomon Six person,6,4,Sunny,Round,519
Mspa,26/06/2022,Premium,Camaro Four Person,4,5,Sunny,Round,594
Frono,26/06/2022,Comfort,Bergen Four Person,4,2,Sunny,Square,379
Frono,26/06/2022,Comfort,Bergen Six Person,6,3,Sunny,Square,349
Frono,26/06/2022,Comfort,Tekapo Six person,6,3,Sunny,Round,350
Frono,26/06/2022,Comfort,Tekapo Four person,4,3,Sunny,Round,329
Frono,26/06/2022,Frame,Tuscany Six Person,6,5,Sunny,Round,1199
Frono,26/06/2022,Frame,Mono Six Person,6,5,Sunny,Round,999
Frono,26/06/2022,Urban,Rimba Six person,6,2,Sunny,Round,339
Frono,26/06/2022,Comfort,Ottomon Six person,6,5,Sunny,Round,500
Frono,26/06/2022,Premium,Camaro Four Person,4,5,Sunny,Round,500
Cambs,27/06/2022,Comfort,Bergen Four Person,4,2,Sunny,Square,299
Cambs,27/06/2022,Comfort,Bergen Six Person,6,3,Sunny,Square,350
Cambs,27/06/2022,Comfort,Tekapo Six person,6,3,Sunny,Round,579
Cambs,27/06/2022,Comfort,Tekapo Four person,4,3,Sunny,Round,499
Cambs,27/06/2022,Frame,Tuscany Six Person,6,5,Sunny,Round,1299
Cambs,27/06/2022,Frame,Mono Six Person,6,5,Sunny,Round,999
Cambs,27/06/2022,Urban,Rimba Six person,6,5,Sunny,Round,649
Cambs,27/06/2022,Comfort,Ottomon Six person,6,4,Sunny,Round,549
Cambs,27/06/2022,Premium,Camaro Four Person,4,5,Sunny,Round,649
Amazon,27/06/2022,Comfort,Bergen Four Person,4,2,Sunny,Square,247
Amazon,27/06/2022,Comfort,Bergen Six Person,6,3,Sunny,Square,289
Amazon,27/06/2022,Comfort,Tekapo Six person,6,3,Sunny,Round,359
Amazon,27/06/2022,Comfort,Tekapo Four person,4,3,Sunny,Round,339
Amazon,27/06/2022,Frame,Tuscany Six Person,6,5,Sunny,Round,1299
Amazon,27/06/2022,Frame,Mono Six Person,6,5,Sunny,Round,799
Amazon,27/06/2022,Urban,Rimba Six person,6,5,Sunny,Round,600
Amazon,27/06/2022,Comfort,Ottomon Six person,6,4,Sunny,Round,800
Amazon,27/06/2022,Premium,Camaro Four Person,4,5,Sunny,Round,649
Amazon,27/06/2022,Urban,Nest Two Person,2,5,Sunny,Square Round,530
Alice,27/06/2022,Comfort,Bergen Four Person,4,2,Sunny,Square,299
Alice,27/06/2022,Comfort,Bergen Six Person,6,3,Sunny,Square,350
Alice,27/06/2022,Comfort,Tekapo Six person,6,3,Sunny,Round,0
Alice,27/06/2022,Comfort,Tekapo Four person,4,3,Sunny,Round,0
Alice,27/06/2022,Frame,Tuscany Six Person,6,5,Sunny,Round,1299
Alice,27/06/2022,Frame,Mono Six Person,6,5,Sunny,Round,0
Alice,27/06/2022,Urban,Lite six person,6,2,Sunny,Square,299
Alice,27/06/2022,Comfort,Lite Four Person,4,2,Sunny,Round,249
Alice,27/06/2022,Urban,Nest Two Person,2,5,Sunny,Square Round,570
GSD,27/06/2022,Comfort,Bergen Four Person,4,2,Sunny,Square,349
GSD,27/06/2022,Comfort,Bergen Six Person,6,3,Sunny,Square,379
GSD,27/06/2022,Comfort,Tekapo Six person,6,3,Sunny,Round,349
GSD,27/06/2022,Comfort,Tekapo Four person,4,3,Sunny,Round,419
GSD,27/06/2022,Frame,Tuscany Six Person,6,5,Sunny,Round,1200
GSD,27/06/2022,Frame,Mono Six Person,6,5,Sunny,Round,799
GSD,27/06/2022,Urban,Rimba Six person,6,5,Sunny,Round,585
GSD,27/06/2022,Comfort,Ottomon Six person,6,4,Sunny,Round,600
GSD,27/06/2022,Premium,Camaro Four Person,4,5,Sunny,Round,0
Mspa,27/06/2022,Comfort,Bergen Four Person,4,2,Sunny,Square,377
Mspa,27/06/2022,Comfort,Bergen Six Person,6,3,Sunny,Square,349
Mspa,27/06/2022,Comfort,Tekapo Six person,6,3,Sunny,Round,357
Mspa,27/06/2022,Comfort,Tekapo Four person,4,3,Sunny,Round,359
Mspa,27/06/2022,Frame,Tuscany Six Person,6,5,Sunny,Round,1274
Mspa,27/06/2022,Frame,Mono Six Person,6,5,Sunny,Round,959
Mspa,27/06/2022,Urban,Rimba Six person,6,5,Sunny,Round,569
Mspa,27/06/2022,Comfort,Ottomon Six person,6,4,Sunny,Round,519
Mspa,27/06/2022,Premium,Camaro Four Person,4,5,Sunny,Round,594
Frono,27/06/2022,Comfort,Bergen Four Person,4,2,Sunny,Square,379
Frono,27/06/2022,Comfort,Bergen Six Person,6,3,Sunny,Square,349
Frono,27/06/2022,Comfort,Tekapo Six person,6,3,Sunny,Round,350
Frono,27/06/2022,Comfort,Tekapo Four person,4,3,Sunny,Round,329
Frono,27/06/2022,Frame,Tuscany Six Person,6,5,Sunny,Round,1199
Frono,27/06/2022,Frame,Mono Six Person,6,5,Sunny,Round,999
Frono,27/06/2022,Urban,Rimba Six person,6,2,Sunny,Round,339
Frono,27/06/2022,Comfort,Ottomon Six person,6,5,Sunny,Round,500
Frono,27/06/2022,Premium,Camaro Four Person,4,5,Sunny,Round,500
Cambs,28/06/2022,Comfort,Bergen Four Person,4,2,Cloudy,Square,249
Cambs,28/06/2022,Comfort,Bergen Six Person,6,3,Cloudy,Square,300
Cambs,28/06/2022,Comfort,Tekapo Six person,6,3,Cloudy,Round,529
Cambs,28/06/2022,Comfort,Tekapo Four person,4,3,Cloudy,Round,449
Cambs,28/06/2022,Frame,Tuscany Six Person,6,5,Cloudy,Round,1249
Cambs,28/06/2022,Frame,Mono Six Person,6,5,Cloudy,Round,949
Cambs,28/06/2022,Urban,Rimba Six person,6,5,Cloudy,Round,599
Cambs,28/06/2022,Comfort,Ottomon Six person,6,4,Cloudy,Round,499
Cambs,28/06/2022,Premium,Camaro Four Person,4,5,Cloudy,Round,599
Amazon,28/06/2022,Comfort,Bergen Four Person,4,2,Cloudy,Square,197
Amazon,28/06/2022,Comfort,Bergen Six Person,6,3,Cloudy,Square,239
Amazon,28/06/2022,Comfort,Tekapo Six person,6,3,Cloudy,Round,309
Amazon,28/06/2022,Comfort,Tekapo Four person,4,3,Cloudy,Round,289
Amazon,28/06/2022,Frame,Tuscany Six Person,6,5,Cloudy,Round,1249
Amazon,28/06/2022,Frame,Mono Six Person,6,5,Cloudy,Round,749
Amazon,28/06/2022,Urban,Rimba Six person,6,5,Cloudy,Round,550
Amazon,28/06/2022,Comfort,Ottomon Six person,6,4,Cloudy,Round,750
Amazon,28/06/2022,Premium,Camaro Four Person,4,5,Cloudy,Round,599
Amazon,28/06/2022,Urban,Nest Two Person,2,5,Cloudy,Square Round,480
Alice,28/06/2022,Comfort,Bergen Four Person,4,2,Cloudy,Square,249
Alice,28/06/2022,Comfort,Bergen Six Person,6,3,Cloudy,Square,300
Alice,28/06/2022,Comfort,Tekapo Six person,6,3,Cloudy,Round,0
Alice,28/06/2022,Comfort,Tekapo Four person,4,3,Cloudy,Round,0
Alice,28/06/2022,Frame,Tuscany Six Person,6,5,Cloudy,Round,1249
Alice,28/06/2022,Frame,Mono Six Person,6,5,Cloudy,Round,0
Alice,28/06/2022,Urban,Lite six person,6,2,Cloudy,Square,249
Alice,28/06/2022,Comfort,Lite Four Person,4,2,Cloudy,Round,199
Alice,28/06/2022,Urban,Nest Two Person,2,5,Cloudy,Square Round,520
GSD,28/06/2022,Comfort,Bergen Four Person,4,2,Cloudy,Square,299
GSD,28/06/2022,Comfort,Bergen Six Person,6,3,Cloudy,Square,329
GSD,28/06/2022,Comfort,Tekapo Six person,6,3,Cloudy,Round,299
GSD,28/06/2022,Comfort,Tekapo Four person,4,3,Cloudy,Round,369
GSD,28/06/2022,Frame,Tuscany Six Person,6,5,Cloudy,Round,1150
GSD,28/06/2022,Frame,Mono Six Person,6,5,Cloudy,Round,749
GSD,28/06/2022,Urban,Rimba Six person,6,5,Cloudy,Round,535
GSD,28/06/2022,Comfort,Ottomon Six person,6,4,Cloudy,Round,550
GSD,28/06/2022,Premium,Camaro Four Person,4,5,Cloudy,Round,0
Mspa,28/06/2022,Comfort,Bergen Four Person,4,2,Cloudy,Square,327
Mspa,28/06/2022,Comfort,Bergen Six Person,6,3,Cloudy,Square,299
Mspa,28/06/2022,Comfort,Tekapo Six person,6,3,Cloudy,Round,307
Mspa,28/06/2022,Comfort,Tekapo Four person,4,3,Cloudy,Round,309
Mspa,28/06/2022,Frame,Tuscany Six Person,6,5,Cloudy,Round,1224
Mspa,28/06/2022,Frame,Mono Six Person,6,5,Cloudy,Round,909
Mspa,28/06/2022,Urban,Rimba Six person,6,5,Cloudy,Round,519
Mspa,28/06/2022,Comfort,Ottomon Six person,6,4,Cloudy,Round,469
Mspa,28/06/2022,Premium,Camaro Four Person,4,5,Cloudy,Round,544
Frono,28/06/2022,Comfort,Bergen Four Person,4,2,Cloudy,Square,329
Frono,28/06/2022,Comfort,Bergen Six Person,6,3,Cloudy,Square,299
Frono,28/06/2022,Comfort,Tekapo Six person,6,3,Cloudy,Round,300
Frono,28/06/2022,Comfort,Tekapo Four person,4,3,Cloudy,Round,279
Frono,28/06/2022,Frame,Tuscany Six Person,6,5,Cloudy,Round,1149
Frono,28/06/2022,Frame,Mono Six Person,6,5,Cloudy,Round,949
Frono,28/06/2022,Urban,Rimba Six person,6,2,Cloudy,Round,289
Frono,28/06/2022,Comfort,Ottomon Six person,6,5,Cloudy,Round,450
Frono,28/06/2022,Premium,Camaro Four Person,4,5,Cloudy,Round,450
Cambs,29/06/2022,Comfort,Bergen Four Person,4,2,Cloudy,Square,249
Cambs,29/06/2022,Comfort,Bergen Six Person,6,3,Cloudy,Square,300
Cambs,29/06/2022,Comfort,Tekapo Six person,6,3,Cloudy,Round,529
Cambs,29/06/2022,Comfort,Tekapo Four person,4,3,Cloudy,Round,449
Cambs,29/06/2022,Frame,Tuscany Six Person,6,5,Cloudy,Round,1249
Cambs,29/06/2022,Frame,Mono Six Person,6,5,Cloudy,Round,949
Cambs,29/06/2022,Urban,Rimba Six person,6,5,Cloudy,Round,599
Cambs,29/06/2022,Comfort,Ottomon Six person,6,4,Cloudy,Round,499
Cambs,29/06/2022,Premium,Camaro Four Person,4,5,Cloudy,Round,599
Amazon,29/06/2022,Comfort,Bergen Four Person,4,2,Cloudy,Square,197
Amazon,29/06/2022,Comfort,Bergen Six Person,6,3,Cloudy,Square,239
Amazon,29/06/2022,Comfort,Tekapo Six person,6,3,Cloudy,Round,309
Amazon,29/06/2022,Comfort,Tekapo Four person,4,3,Cloudy,Round,289
Amazon,29/06/2022,Frame,Tuscany Six Person,6,5,Cloudy,Round,1249
Amazon,29/06/2022,Frame,Mono Six Person,6,5,Cloudy,Round,749
Amazon,29/06/2022,Urban,Rimba Six person,6,5,Cloudy,Round,550
Amazon,29/06/2022,Comfort,Ottomon Six person,6,4,Cloudy,Round,750
Amazon,29/06/2022,Premium,Camaro Four Person,4,5,Cloudy,Round,599
Amazon,29/06/2022,Urban,Nest Two Person,2,5,Cloudy,Square Round,480
Alice,29/06/2022,Comfort,Bergen Four Person,4,2,Cloudy,Square,249
Alice,29/06/2022,Comfort,Bergen Six Person,6,3,Cloudy,Square,300
Alice,29/06/2022,Comfort,Tekapo Six person,6,3,Cloudy,Round,0
Alice,29/06/2022,Comfort,Tekapo Four person,4,3,Cloudy,Round,0
Alice,29/06/2022,Frame,Tuscany Six Person,6,5,Cloudy,Round,1249
Alice,29/06/2022,Frame,Mono Six Person,6,5,Cloudy,Round,0
Alice,29/06/2022,Urban,Lite six person,6,2,Cloudy,Square,249
Alice,29/06/2022,Comfort,Lite Four Person,4,2,Cloudy,Round,199
Alice,29/06/2022,Urban,Nest Two Person,2,5,Cloudy,Square Round,520
GSD,29/06/2022,Comfort,Bergen Four Person,4,2,Cloudy,Square,299
GSD,29/06/2022,Comfort,Bergen Six Person,6,3,Cloudy,Square,329
GSD,29/06/2022,Comfort,Tekapo Six person,6,3,Cloudy,Round,299
GSD,29/06/2022,Comfort,Tekapo Four person,4,3,Cloudy,Round,369
GSD,29/06/2022,Frame,Tuscany Six Person,6,5,Cloudy,Round,1150
GSD,29/06/2022,Frame,Mono Six Person,6,5,Cloudy,Round,749
GSD,29/06/2022,Urban,Rimba Six person,6,5,Cloudy,Round,535
GSD,29/06/2022,Comfort,Ottomon Six person,6,4,Cloudy,Round,550
GSD,29/06/2022,Premium,Camaro Four Person,4,5,Cloudy,Round,0
Mspa,29/06/2022,Comfort,Bergen Four Person,4,2,Cloudy,Square,327
Mspa,29/06/2022,Comfort,Bergen Six Person,6,3,Cloudy,Square,299
Mspa,29/06/2022,Comfort,Tekapo Six person,6,3,Cloudy,Round,307
Mspa,29/06/2022,Comfort,Tekapo Four person,4,3,Cloudy,Round,309
Mspa,29/06/2022,Frame,Tuscany Six Person,6,5,Cloudy,Round,1224
Mspa,29/06/2022,Frame,Mono Six Person,6,5,Cloudy,Round,909
Mspa,29/06/2022,Urban,Rimba Six person,6,5,Cloudy,Round,519
Mspa,29/06/2022,Comfort,Ottomon Six person,6,4,Cloudy,Round,469
Mspa,29/06/2022,Premium,Camaro Four Person,4,5,Cloudy,Round,544
Frono,29/06/2022,Comfort,Bergen Four Person,4,2,Cloudy,Square,329
Frono,29/06/2022,Comfort,Bergen Six Person,6,3,Cloudy,Square,299
Frono,29/06/2022,Comfort,Tekapo Six person,6,3,Cloudy,Round,300
Frono,29/06/2022,Comfort,Tekapo Four person,4,3,Cloudy,Round,279
Frono,29/06/2022,Frame,Tuscany Six Person,6,5,Cloudy,Round,1149
Frono,29/06/2022,Frame,Mono Six Person,6,5,Cloudy,Round,949
Frono,29/06/2022,Urban,Rimba Six person,6,2,Cloudy,Round,289
Frono,29/06/2022,Comfort,Ottomon Six person,6,5,Cloudy,Round,450
Frono,29/06/2022,Premium,Camaro Four Person,4,5,Cloudy,Round,450
Cambs,30/06/2022,Comfort,Bergen Four Person,4,2,Cloudy,Square,249
Cambs,30/06/2022,Comfort,Bergen Six Person,6,3,Cloudy,Square,300
Cambs,30/06/2022,Comfort,Tekapo Six person,6,3,Cloudy,Round,529
Cambs,30/06/2022,Comfort,Tekapo Four person,4,3,Cloudy,Round,449
Cambs,30/06/2022,Frame,Tuscany Six Person,6,5,Cloudy,Round,1249
Cambs,30/06/2022,Frame,Mono Six Person,6,5,Cloudy,Round,949
Cambs,30/06/2022,Urban,Rimba Six person,6,5,Cloudy,Round,599
Cambs,30/06/2022,Comfort,Ottomon Six person,6,4,Cloudy,Round,499
Cambs,30/06/2022,Premium,Camaro Four Person,4,5,Cloudy,Round,599
Amazon,30/06/2022,Comfort,Bergen Four Person,4,2,Cloudy,Square,197
Amazon,30/06/2022,Comfort,Bergen Six Person,6,3,Cloudy,Square,239
Amazon,30/06/2022,Comfort,Tekapo Six person,6,3,Cloudy,Round,309
Amazon,30/06/2022,Comfort,Tekapo Four person,4,3,Cloudy,Round,289
Amazon,30/06/2022,Frame,Tuscany Six Person,6,5,Cloudy,Round,1249
Amazon,30/06/2022,Frame,Mono Six Person,6,5,Cloudy,Round,749
Amazon,30/06/2022,Urban,Rimba Six person,6,5,Cloudy,Round,550
Amazon,30/06/2022,Comfort,Ottomon Six person,6,4,Cloudy,Round,750
Amazon,30/06/2022,Premium,Camaro Four Person,4,5,Cloudy,Round,599
Amazon,30/06/2022,Urban,Nest Two Person,2,5,Cloudy,Square Round,480
Alice,30/06/2022,Comfort,Bergen Four Person,4,2,Cloudy,Square,249
Alice,30/06/2022,Comfort,Bergen Six Person,6,3,Cloudy,Square,300
Alice,30/06/2022,Comfort,Tekapo Six person,6,3,Cloudy,Round,0
Alice,30/06/2022,Comfort,Tekapo Four person,4,3,Cloudy,Round,0
Alice,30/06/2022,Frame,Tuscany Six Person,6,5,Cloudy,Round,1249
Alice,30/06/2022,Frame,Mono Six Person,6,5,Cloudy,Round,0
Alice,30/06/2022,Urban,Lite six person,6,2,Cloudy,Square,249
Alice,30/06/2022,Comfort,Lite Four Person,4,2,Cloudy,Round,199
Alice,30/06/2022,Urban,Nest Two Person,2,5,Cloudy,Square Round,520
GSD,30/06/2022,Comfort,Bergen Four Person,4,2,Cloudy,Square,299
GSD,30/06/2022,Comfort,Bergen Six Person,6,3,Cloudy,Square,329
GSD,30/06/2022,Comfort,Tekapo Six person,6,3,Cloudy,Round,299
GSD,30/06/2022,Comfort,Tekapo Four person,4,3,Cloudy,Round,369
GSD,30/06/2022,Frame,Tuscany Six Person,6,5,Cloudy,Round,1150
GSD,30/06/2022,Frame,Mono Six Person,6,5,Cloudy,Round,749
GSD,30/06/2022,Urban,Rimba Six person,6,5,Cloudy,Round,535
GSD,30/06/2022,Comfort,Ottomon Six person,6,4,Cloudy,Round,550
GSD,30/06/2022,Premium,Camaro Four Person,4,5,Cloudy,Round,0
Mspa,30/06/2022,Comfort,Bergen Four Person,4,2,Cloudy,Square,327
Mspa,30/06/2022,Comfort,Bergen Six Person,6,3,Cloudy,Square,299
Mspa,30/06/2022,Comfort,Tekapo Six person,6,3,Cloudy,Round,307
Mspa,30/06/2022,Comfort,Tekapo Four person,4,3,Cloudy,Round,309
Mspa,30/06/2022,Frame,Tuscany Six Person,6,5,Cloudy,Round,1224
Mspa,30/06/2022,Frame,Mono Six Person,6,5,Cloudy,Round,909
Mspa,30/06/2022,Urban,Rimba Six person,6,5,Cloudy,Round,519
Mspa,30/06/2022,Comfort,Ottomon Six person,6,4,Cloudy,Round,469
Mspa,30/06/2022,Premium,Camaro Four Person,4,5,Cloudy,Round,544
Frono,30/06/2022,Comfort,Bergen Four Person,4,2,Cloudy,Square,329
Frono,30/06/2022,Comfort,Bergen Six Person,6,3,Cloudy,Square,299
Frono,30/06/2022,Comfort,Tekapo Six person,6,3,Cloudy,Round,300
Frono,30/06/2022,Comfort,Tekapo Four person,4,3,Cloudy,Round,279
Frono,30/06/2022,Frame,Tuscany Six Person,6,5,Cloudy,Round,1149
Frono,30/06/2022,Frame,Mono Six Person,6,5,Cloudy,Round,949
Frono,30/06/2022,Urban,Rimba Six person,6,2,Cloudy,Round,289
Frono,30/06/2022,Comfort,Ottomon Six person,6,5,Cloudy,Round,450
Frono,30/06/2022,Premium,Camaro Four Person,4,5,Cloudy,Round,450
Cambs,01/07/2022,Comfort,Bergen Four Person,4,2,Sunny,Square,299
Cambs,01/07/2022,Comfort,Bergen Six Person,6,3,Sunny,Square,350
Cambs,01/07/2022,Comfort,Tekapo Six person,6,3,Sunny,Round,579
Cambs,01/07/2022,Comfort,Tekapo Four person,4,3,Sunny,Round,499
Cambs,01/07/2022,Frame,Tuscany Six Person,6,5,Sunny,Round,1299
Cambs,01/07/2022,Frame,Mono Six Person,6,5,Sunny,Round,999
Cambs,01/07/2022,Urban,Rimba Six person,6,5,Sunny,Round,649
Cambs,01/07/2022,Comfort,Ottomon Six person,6,4,Sunny,Round,549
Cambs,01/07/2022,Premium,Camaro Four Person,4,5,Sunny,Round,649
Amazon,01/07/2022,Comfort,Bergen Four Person,4,2,Sunny,Square,247
Amazon,01/07/2022,Comfort,Bergen Six Person,6,3,Sunny,Square,289
Amazon,01/07/2022,Comfort,Tekapo Six person,6,3,Sunny,Round,359
Amazon,01/07/2022,Comfort,Tekapo Four person,4,3,Sunny,Round,339
Amazon,01/07/2022,Frame,Tuscany Six Person,6,5,Sunny,Round,1299
Amazon,01/07/2022,Frame,Mono Six Person,6,5,Sunny,Round,799
Amazon,01/07/2022,Urban,Rimba Six person,6,5,Sunny,Round,600
Amazon,01/07/2022,Comfort,Ottomon Six person,6,4,Sunny,Round,800
Amazon,01/07/2022,Premium,Camaro Four Person,4,5,Sunny,Round,649
Amazon,01/07/2022,Urban,Nest Two Person,2,5,Sunny,Square Round,530
Alice,01/07/2022,Comfort,Bergen Four Person,4,2,Sunny,Square,299
Alice,01/07/2022,Comfort,Bergen Six Person,6,3,Sunny,Square,350
Alice,01/07/2022,Comfort,Tekapo Six person,6,3,Sunny,Round,0
Alice,01/07/2022,Comfort,Tekapo Four person,4,3,Sunny,Round,0
Alice,01/07/2022,Frame,Tuscany Six Person,6,5,Sunny,Round,1299
Alice,01/07/2022,Frame,Mono Six Person,6,5,Sunny,Round,0
Alice,01/07/2022,Urban,Lite six person,6,2,Sunny,Square,299
Alice,01/07/2022,Comfort,Lite Four Person,4,2,Sunny,Round,249
Alice,01/07/2022,Urban,Nest Two Person,2,5,Sunny,Square Round,570
GSD,01/07/2022,Comfort,Bergen Four Person,4,2,Sunny,Square,349
GSD,01/07/2022,Comfort,Bergen Six Person,6,3,Sunny,Square,379
GSD,01/07/2022,Comfort,Tekapo Six person,6,3,Sunny,Round,349
GSD,01/07/2022,Comfort,Tekapo Four person,4,3,Sunny,Round,419
GSD,01/07/2022,Frame,Tuscany Six Person,6,5,Sunny,Round,1200
GSD,01/07/2022,Frame,Mono Six Person,6,5,Sunny,Round,799
GSD,01/07/2022,Urban,Rimba Six person,6,5,Sunny,Round,585
GSD,01/07/2022,Comfort,Ottomon Six person,6,4,Sunny,Round,600
GSD,01/07/2022,Premium,Camaro Four Person,4,5,Sunny,Round,0
Mspa,01/07/2022,Comfort,Bergen Four Person,4,2,Sunny,Square,377
Mspa,01/07/2022,Comfort,Bergen Six Person,6,3,Sunny,Square,349
Mspa,01/07/2022,Comfort,Tekapo Six person,6,3,Sunny,Round,357
Mspa,01/07/2022,Comfort,Tekapo Four person,4,3,Sunny,Round,359
Mspa,01/07/2022,Frame,Tuscany Six Person,6,5,Sunny,Round,1274
Mspa,01/07/2022,Frame,Mono Six Person,6,5,Sunny,Round,959
Mspa,01/07/2022,Urban,Rimba Six person,6,5,Sunny,Round,569
Mspa,01/07/2022,Comfort,Ottomon Six person,6,4,Sunny,Round,519
Mspa,01/07/2022,Premium,Camaro Four Person,4,5,Sunny,Round,594
Frono,01/07/2022,Comfort,Bergen Four Person,4,2,Sunny,Square,379
Frono,01/07/2022,Comfort,Bergen Six Person,6,3,Sunny,Square,349
Frono,01/07/2022,Comfort,Tekapo Six person,6,3,Sunny,Round,350
Frono,01/07/2022,Comfort,Tekapo Four person,4,3,Sunny,Round,329
Frono,01/07/2022,Frame,Tuscany Six Person,6,5,Sunny,Round,1199
Frono,01/07/2022,Frame,Mono Six Person,6,5,Sunny,Round,999
Frono,01/07/2022,Urban,Rimba Six person,6,2,Sunny,Round,339
Frono,01/07/2022,Comfort,Ottomon Six person,6,5,Sunny,Round,500
Frono,01/07/2022,Premium,Camaro Four Person,4,5,Sunny,Round,500
Cambs,02/07/2022,Comfort,Bergen Four Person,4,2,Sunny,Square,299
Cambs,02/07/2022,Comfort,Bergen Six Person,6,3,Sunny,Square,350
Cambs,02/07/2022,Comfort,Tekapo Six person,6,3,Sunny,Round,579
Cambs,02/07/2022,Comfort,Tekapo Four person,4,3,Sunny,Round,499
Cambs,02/07/2022,Frame,Tuscany Six Person,6,5,Sunny,Round,1299
Cambs,02/07/2022,Frame,Mono Six Person,6,5,Sunny,Round,999
Cambs,02/07/2022,Urban,Rimba Six person,6,5,Sunny,Round,649
Cambs,02/07/2022,Comfort,Ottomon Six person,6,4,Sunny,Round,549
Cambs,02/07/2022,Premium,Camaro Four Person,4,5,Sunny,Round,649
Amazon,02/07/2022,Comfort,Bergen Four Person,4,2,Sunny,Square,247
Amazon,02/07/2022,Comfort,Bergen Six Person,6,3,Sunny,Square,289
Amazon,02/07/2022,Comfort,Tekapo Six person,6,3,Sunny,Round,359
Amazon,02/07/2022,Comfort,Tekapo Four person,4,3,Sunny,Round,339
Amazon,02/07/2022,Frame,Tuscany Six Person,6,5,Sunny,Round,1299
Amazon,02/07/2022,Frame,Mono Six Person,6,5,Sunny,Round,799
Amazon,02/07/2022,Urban,Rimba Six person,6,5,Sunny,Round,600
Amazon,02/07/2022,Comfort,Ottomon Six person,6,4,Sunny,Round,800
Amazon,02/07/2022,Premium,Camaro Four Person,4,5,Sunny,Round,649
Amazon,02/07/2022,Urban,Nest Two Person,2,5,Sunny,Square Round,530
Alice,02/07/2022,Comfort,Bergen Four Person,4,2,Sunny,Square,299
Alice,02/07/2022,Comfort,Bergen Six Person,6,3,Sunny,Square,350
Alice,02/07/2022,Comfort,Tekapo Six person,6,3,Sunny,Round,0
Alice,02/07/2022,Comfort,Tekapo Four person,4,3,Sunny,Round,0
Alice,02/07/2022,Frame,Tuscany Six Person,6,5,Sunny,Round,1299
Alice,02/07/2022,Frame,Mono Six Person,6,5,Sunny,Round,0
Alice,02/07/2022,Urban,Lite six person,6,2,Sunny,Square,299
Alice,02/07/2022,Comfort,Lite Four Person,4,2,Sunny,Round,249
Alice,02/07/2022,Urban,Nest Two Person,2,5,Sunny,Square Round,570
GSD,02/07/2022,Comfort,Bergen Four Person,4,2,Sunny,Square,349
GSD,02/07/2022,Comfort,Bergen Six Person,6,3,Sunny,Square,379
GSD,02/07/2022,Comfort,Tekapo Six person,6,3,Sunny,Round,349
GSD,02/07/2022,Comfort,Tekapo Four person,4,3,Sunny,Round,419
GSD,02/07/2022,Frame,Tuscany Six Person,6,5,Sunny,Round,1200
GSD,02/07/2022,Frame,Mono Six Person,6,5,Sunny,Round,799
GSD,02/07/2022,Urban,Rimba Six person,6,5,Sunny,Round,585
GSD,02/07/2022,Comfort,Ottomon Six person,6,4,Sunny,Round,600
GSD,02/07/2022,Premium,Camaro Four Person,4,5,Sunny,Round,0
Mspa,02/07/2022,Comfort,Bergen Four Person,4,2,Sunny,Square,377
Mspa,02/07/2022,Comfort,Bergen Six Person,6,3,Sunny,Square,349
Mspa,02/07/2022,Comfort,Tekapo Six person,6,3,Sunny,Round,357
Mspa,02/07/2022,Comfort,Tekapo Four person,4,3,Sunny,Round,359
Mspa,02/07/2022,Frame,Tuscany Six Person,6,5,Sunny,Round,1274
Mspa,02/07/2022,Frame,Mono Six Person,6,5,Sunny,Round,959
Mspa,02/07/2022,Urban,Rimba Six person,6,5,Sunny,Round,569
Mspa,02/07/2022,Comfort,Ottomon Six person,6,4,Sunny,Round,519
Mspa,02/07/2022,Premium,Camaro Four Person,4,5,Sunny,Round,594
Frono,02/07/2022,Comfort,Bergen Four Person,4,2,Sunny,Square,379
Frono,02/07/2022,Comfort,Bergen Six Person,6,3,Sunny,Square,349
Frono,02/07/2022,Comfort,Tekapo Six person,6,3,Sunny,Round,350
Frono,02/07/2022,Comfort,Tekapo Four person,4,3,Sunny,Round,329
Frono,02/07/2022,Frame,Tuscany Six Person,6,5,Sunny,Round,1199
Frono,02/07/2022,Frame,Mono Six Person,6,5,Sunny,Round,999
Frono,02/07/2022,Urban,Rimba Six person,6,2,Sunny,Round,339
Frono,02/07/2022,Comfort,Ottomon Six person,6,5,Sunny,Round,500
Frono,02/07/2022,Premium,Camaro Four Person,4,5,Sunny,Round,500
Amazon,23/07/2022,Comfort,Bergen Six Person,6,3,Sunny,Round,237
Amazon,23/07/2022,Comfort,Bergen Four Person,4,3,Sunny,Round,219
Amazon,23/07/2022,Comfort,Tekapo Six person,6,1,Sunny,Square,359.95
Amazon,23/07/2022,Comfort,Tekapo Four person,4,1,Sunny,Square,379
Amazon,23/07/2022,Comfort,Ottomon Six person,6,4,Sunny,Round,329.95
Amazon,23/07/2022,Comfort,Ottomon Four Person,4,4,Sunny,Round,439.95
Amazon,23/07/2022,Frame,Mono Six Person,6,5,Sunny,Round,549.95
Amazon,23/07/2022,Urban,Aurora Six Person,6,5,Sunny,Round,499.95
Amazon,23/07/2022,Urban,Rimba Six person,6,5,Sunny,Round,599.99
Amazon,23/07/2022,Urban,Nest Two Person,2,5,Sunny,Square Round,399.99
Amazon,23/07/2022,Urban,Vito Six Person,6,5,Sunny,Square Round,499.99
Amazon,23/07/2022,Muse,Otium Six Person,4,5,Sunny,Square,699.95
Amazon,23/07/2022,Muse,Carlton Six person,6,5,Sunny,Square,625.99
Amazon,23/07/2022,Lite,Lite six person,6,3,Sunny,Round,249.95
Amazon,23/07/2022,Lite,Lite six person,6,3,Sunny,Square,249.95
Amazon,23/07/2022,Lite,Lite Four Person,4,3,Sunny,Round,198.95
Amazon,23/07/2022,Lite,Lite Four Person,4,3,Sunny,Square,198.95
Amazon,23/07/2022,Lite,Lite six person,6,3,Sunny,Round,249.95
Amazon,23/07/2022,Lite,Lite six person,6,3,Sunny,Square,249.95
Amazon,23/07/2022,Lite,Lite Four Person,4,3,Sunny,Round,198.95
Amazon,23/07/2022,Lite,Lite Four Person,4,3,Sunny,Square,198.95
Amazon,23/07/2022,Premium,Soho Six Person,6,3,Sunny,Square,399.95
Amazon,23/07/2022,Premium,Camaro Four Person,4,3,Sunny,Round,399.99
Amazon,23/07/2022,Premium,Camaro Six Person,6,3,Sunny,Round,499.95
Amazon,23/07/2022,Premium,Exotic Six Person,6,4,Sunny,Round,439.99
Amazon,23/07/2022,Premium,Exotic Four Person,4,4,Sunny,Round,399.99
Amazon,23/07/2022,Delight,Silver Cloud Four person,4,4,Sunny,Round,249.99
Amazon,23/07/2022,Delight,Silver Cloud Six Person,6,4,Sunny,Round,279.99
Alice,23/07/2022,Lite,Lite six person,6,3,Sunny,Round,289
Alice,23/07/2022,Lite,Lite six person,6,3,Sunny,Square,289
Alice,23/07/2022,Lite,Lite six person,6,3,Sunny,Round,289
Alice,23/07/2022,Muse,Carlton Six person,6,4,Sunny,Square,869
Alice,23/07/2022,Lite,Lite Four Person,4,3,Sunny,Round,249
Alice,23/07/2022,Urban,Nest Two Person,2,5,Sunny,Square Round,399
Cambs,23/07/2022,Comfort,Bergen Six Person,6,3,Sunny,Round,349.99
Cambs,23/07/2022,Comfort,Bergen Four Person,4,3,Sunny,Round,299
Cambs,23/07/2022,Comfort,Tekapo Six person,6,2,Sunny,Square,579.95
Cambs,23/07/2022,Comfort,Ottomon Six person,6,4,Sunny,Round,549
Cambs,23/07/2022,Comfort,Starry Six Person,6,3,Sunny,Round,449.99
Cambs,23/07/2022,Frame,Mono Six Person,6,5,Sunny,Round,999
Cambs,23/07/2022,Urban,Aurora Six Person,6,5,Sunny,Round,450
Cambs,23/07/2022,Urban,Rimba Six person,6,5,Sunny,Round,649.99
Cambs,23/07/2022,Urban,Vito Six Person,6,5,Sunny,Square Round,694.99
Cambs,23/07/2022,Muse,Otium Six Person,6,5,Sunny,Square,949.99
Cambs,23/07/2022,Muse,Carlton Six person,6,5,Sunny,Square,1049.99
Cambs,23/07/2022,Premium,Soho Six Person,6,4,Sunny,Square,749.99
Cambs,23/07/2022,Premium,Camaro Four Person,4,4,Sunny,Round,644.99
GSD,23/07/2022,Comfort,Bergen Four Person,4,3,Sunny,Round,349.95
GSD,23/07/2022,Comfort,Bergen Six Person,6,3,Sunny,Round,379
GSD,23/07/2022,Comfort,Ottomon Six person,6,4,Sunny,Round,389
GSD,23/07/2022,Frame,Mono Six Person,6,5,Sunny,Round,799
GSD,23/07/2022,Comfort,Ottomon Six person,6,5,Sunny,Round,389
GSD,23/07/2022,Premium,Soho Six Person,6,4,Sunny,Round,449
GSD,23/07/2022,Comfort,Tekapo Four person,4,2,Sunny,Square,349
GSD,23/07/2022,Comfort,Tekapo Six person,6,2,Sunny,Square,419
Mspa,23/07/2022,Comfort,Bergen Six Person,6,3,Sunny,Round,629.99
Mspa,23/07/2022,Comfort,Bergen Four Person,4,3,Sunny,Round,599.99
Mspa,23/07/2022,Comfort,Tekapo Six person,6,2,Sunny,Square,649.99
Mspa,23/07/2022,Comfort,Tekapo Four person,4,2,Sunny,Square,599.99
Mspa,23/07/2022,Comfort,Ottomon Six person,6,4,Sunny,Round,649.99
Mspa,23/07/2022,Comfort,Ottomon Four Person,4,4,Sunny,Round,699.99
Mspa,23/07/2022,Frame,Tuscany Six Person,6,5,Sunny,Round,1499.99
Mspa,23/07/2022,Frame,Mono Six Person,6,5,Sunny,Round,1199.99
Mspa,23/07/2022,Urban,Aurora Six Person,6,5,Sunny,Round,949.99
Mspa,23/07/2022,Urban,Rimba Six person,6,5,Sunny,Round,949.99
Mspa,23/07/2022,Urban,Nest Two Person,2,5,Sunny,Square Round,749.99
Mspa,23/07/2022,Muse,Otium Six Person,6,5,Sunny,Square,919.99
Mspa,23/07/2022,Muse,Carlton Six person,6,5,Sunny,Square,1249.99
Mspa,23/07/2022,Lite,Lite six person,6,3,Sunny,Round,1249.99
Mspa,23/07/2022,Lite,Lite six person,6,3,Sunny,Square,549.99
Mspa,23/07/2022,Lite,Lite Four Person,4,3,Sunny,Round,549.99
Mspa,23/07/2022,Lite,Lite Four Person,4,3,Sunny,Square,499.99
Mspa,23/07/2022,Premium,Soho Six Person,6,3,Sunny,Square,499.99
Mspa,23/07/2022,Premium,Camaro Six Person,6,3,Sunny,Round,899.99
Mspa,23/07/2022,Premium,Camaro Four Person,4,3,Sunny,Round,849.99
Mspa,23/07/2022,Premium,Exotic Four Person,4,4,Sunny,Round,929.99
Mspa,23/07/2022,Premium,Exotic Six Person,6,4,Sunny,Round,899.99
Mspa,23/07/2022,Delight,Silver Cloud Four person,4,4,Sunny,Round,969.99
Mspa,23/07/2022,Delight,Silver Cloud Six Person,6,4,Sunny,Round,569.99
Mspa,23/07/2022,Urban,Rimba Six person,6,5,Sunny,Round,619.99
Frono,23/07/2022,Urban,Rimba Six person,6,5,Sunny,Round,399.99
Frono,23/07/2022,Delight,Silver Cloud Six Person,6,4,Sunny,Round,499.99
Frono,23/07/2022,Delight,Silver Cloud Four person,4,4,Sunny,Round,329.99
Frono,23/07/2022,Urban,Rimba Six person,5,5,Sunny,Round,399.99
Frono,23/07/2022,Comfort,Bergen Four Person,4,3,Sunny,Round,269.99
Frono,23/07/2022,Frame,Tuscany Six Person,6,5,Sunny,Round,1349.99
Frono,23/07/2022,Frame,Tuscany Six Person,6,5,Sunny,Round,1349.99
Frono,23/07/2022,Comfort,Ottomon Six person,6,4,Sunny,Round,339.99
Frono,23/07/2022,Urban,Vito Six Person,6,5,Sunny,Square Round,499.99
Frono,23/07/2022,Comfort,Bergen Six Person,6,3,Sunny,Round,379.95
Frono,23/07/2022,Muse,Otium Six Person,6,4,Sunny,Square,996.99
Amazon,22/07/2022,Comfort,Bergen Six Person,6,3,Cloudy,Round,237
Amazon,22/07/2022,Comfort,Bergen Four Person,4,3,Cloudy,Round,219
Amazon,22/07/2022,Comfort,Tekapo Six person,6,1,Cloudy,Square,359.95
Amazon,22/07/2022,Comfort,Tekapo Four person,4,1,Cloudy,Square,379
Amazon,22/07/2022,Comfort,Ottomon Six person,6,4,Cloudy,Round,329.95
Amazon,22/07/2022,Comfort,Ottomon Four Person,4,4,Cloudy,Round,439.95
Amazon,22/07/2022,Frame,Mono Six Person,6,5,Cloudy,Round,549.95
Amazon,22/07/2022,Urban,Aurora Six Person,6,5,Cloudy,Round,499.95
Amazon,22/07/2022,Urban,Rimba Six person,6,5,Cloudy,Round,599.99
Amazon,22/07/2022,Urban,Nest Two Person,2,5,Cloudy,Square Round,399.99
Amazon,22/07/2022,Urban,Vito Six Person,6,5,Cloudy,Square round,499.99
Amazon,22/07/2022,Muse,Otium Six Person,4,5,Cloudy,Square,699.95
Amazon,22/07/2022,Muse,Carlton Six person,6,5,Cloudy,Square,625.99
Amazon,22/07/2022,Lite,Lite six person,6,3,Cloudy,Round,249.95
Amazon,22/07/2022,Lite,Lite six person,6,3,Cloudy,Square,249.95
Amazon,22/07/2022,Lite,Lite Four Person,4,3,Cloudy,Round,198.95
Amazon,22/07/2022,Lite,Lite Four Person,4,3,Cloudy,Square,198.95
Amazon,22/07/2022,Lite,Lite six person,6,3,Cloudy,Round,249.95
Amazon,22/07/2022,Lite,Lite six person,6,3,Cloudy,Square,249.95
Amazon,22/07/2022,Lite,Lite Four Person,4,3,Cloudy,Round,198.95
Amazon,22/07/2022,Lite,Lite Four Person,4,3,Cloudy,Square,198.95
Amazon,22/07/2022,Premium,Soho Six Person,6,3,Cloudy,Square,399.95
Amazon,22/07/2022,Premium,Camaro Four Person,4,3,Cloudy,Round,399.99
Amazon,22/07/2022,Premium,Camaro Six Person,6,3,Cloudy,Round,499.95
Amazon,22/07/2022,Premium,Exotic Six Person,6,4,Cloudy,Round,439.99
Amazon,22/07/2022,Premium,Exotic Four Person,4,4,Cloudy,Round,399.99
Amazon,22/07/2022,Delight,Silver Cloud Four person,4,4,Cloudy,Round,249.99
Amazon,22/07/2022,Delight,Silver Cloud Six Person,6,4,Cloudy,Round,279.99
Alice,22/07/2022,Lite,Lite six person,6,3,Cloudy,Round,289
Alice,22/07/2022,Lite,Lite six person,6,3,Cloudy,Square,289
Alice,22/07/2022,Lite,Lite six person,6,3,Cloudy,Round,289
Alice,22/07/2022,Muse,Carlton Six person,6,4,Cloudy,Square,869
Alice,22/07/2022,Lite,Lite Four Person,4,3,Cloudy,Round,249
Alice,22/07/2022,Urban,Nest Two Person,2,5,Cloudy,Square Round,399
Cambs,22/07/2022,Comfort,Bergen Six Person,6,3,Cloudy,Round,349.99
Cambs,22/07/2022,Comfort,Bergen Four Person,4,3,Cloudy,Round,299
Cambs,22/07/2022,Comfort,Tekapo Six person,6,2,Cloudy,Square,579.95
Cambs,22/07/2022,Comfort,Ottomon Six person,6,4,Cloudy,Round,549
Cambs,22/07/2022,Comfort,Starry Six Person,6,3,Cloudy,Round,449.99
Cambs,22/07/2022,Frame,Mono Six Person,6,5,Cloudy,Round,999
Cambs,22/07/2022,Urban,Aurora Six Person,6,5,Cloudy,Round,450
Cambs,22/07/2022,Urban,Rimba Six person,6,5,Cloudy,Round,649.99
Cambs,22/07/2022,Urban,Vito Six Person,6,5,Cloudy,Square Round,694.99
Cambs,22/07/2022,Muse,Otium Six Person,6,5,Cloudy,Square,949.99
Cambs,22/07/2022,Muse,Carlton Six person,6,5,Cloudy,Square,1049.99
Cambs,22/07/2022,Premium,Soho Six Person,6,4,Cloudy,Square,749.99
Cambs,22/07/2022,Premium,Camaro Four Person,4,4,Cloudy,Round,644.99
GSD,22/07/2022,Comfort,Bergen Four Person,4,3,Cloudy,Round,349.95
GSD,22/07/2022,Comfort,Bergen Six Person,6,3,Cloudy,Round,379
GSD,22/07/2022,Comfort,Ottomon Six person,6,4,Cloudy,Round,389
GSD,22/07/2022,Frame,Mono Six Person,6,5,Cloudy,Round,799
GSD,22/07/2022,Comfort,Ottomon Six person,6,5,Cloudy,Round,389
GSD,22/07/2022,Premium,Soho Six Person,6,4,Cloudy,Round,449
GSD,22/07/2022,Comfort,Tekapo Four person,4,2,Cloudy,Square,349
GSD,22/07/2022,Comfort,Tekapo Six person,6,2,Cloudy,Square,419
Mspa,22/07/2022,Comfort,Bergen Six Person,6,3,Cloudy,Round,629.99
Mspa,22/07/2022,Comfort,Bergen Four Person,4,3,Cloudy,Round,599.99
Mspa,22/07/2022,Comfort,Tekapo Six person,6,2,Cloudy,Square,649.99
Mspa,22/07/2022,Comfort,Tekapo Four person,4,2,Cloudy,Square,599.99
Mspa,22/07/2022,Comfort,Ottomon Six person,6,4,Cloudy,Round,649.99
Mspa,22/07/2022,Comfort,Ottomon Four Person,4,4,Cloudy,Round,699.99
Mspa,22/07/2022,Frame,Tuscany Six Person,6,5,Cloudy,Round,1499.99
Mspa,22/07/2022,Frame,Mono Six Person,6,5,Cloudy,Round,1199.99
Mspa,22/07/2022,Urban,Aurora Six Person,6,5,Cloudy,Round,949.99
Mspa,22/07/2022,Urban,Rimba Six person,6,5,Cloudy,Round,949.99
Mspa,22/07/2022,Urban,Nest Two Person,2,5,Cloudy,Square Round,749.99
Mspa,22/07/2022,Muse,Otium Six Person,6,5,Cloudy,Square,919.99
Mspa,22/07/2022,Muse,Carlton Six person,6,5,Cloudy,Square,1249.99
Mspa,22/07/2022,Lite,Lite six person,6,3,Cloudy,Round,1249.99
Mspa,22/07/2022,Lite,Lite six person,6,3,Cloudy,Square,549.99
Mspa,22/07/2022,Lite,Lite Four Person,4,3,Cloudy,Round,549.99
Mspa,22/07/2022,Lite,Lite Four Person,4,3,Cloudy,Square,499.99
Mspa,22/07/2022,Premium,Soho Six Person,6,3,Cloudy,Square,499.99
Mspa,22/07/2022,Premium,Camaro Six Person,6,3,Cloudy,Round,899.99
Mspa,22/07/2022,Premium,Camaro Four Person,4,3,Cloudy,Round,849.99
Mspa,22/07/2022,Premium,Exotic Four Person,4,4,Cloudy,Round,929.99
Mspa,22/07/2022,Premium,Exotic Six Person,6,4,Cloudy,Round,899.99
Mspa,22/07/2022,Delight,Silver Cloud Four person,4,4,Cloudy,Round,969.99
Mspa,22/07/2022,Delight,Silver Cloud Six Person,6,4,Cloudy,Round,569.99
Mspa,22/07/2022,Urban,Rimba Six person,6,5,Cloudy,Round,619.99
Frono,22/07/2022,Urban,Rimba Six person,6,5,Cloudy,Round,399.99
Frono,22/07/2022,Delight,Silver Cloud Six Person,6,4,Cloudy,Round,499.99
Frono,22/07/2022,Delight,Silver Cloud Four person,4,4,Cloudy,Round,329.99
Frono,22/07/2022,Urban,Rimba Six person,5,5,Cloudy,Round,399.99
Frono,22/07/2022,Comfort,Bergen Four Person,4,3,Cloudy,Round,269.99
Frono,22/07/2022,Frame,Tuscany Six Person,6,5,Cloudy,Round,1349.99
Frono,22/07/2022,Frame,Tuscany Six Person,6,5,Cloudy,Round,1349.99
Frono,22/07/2022,Comfort,Ottomon Six person,6,4,Cloudy,Round,339.99
Frono,22/07/2022,Urban,Vito Six Person,6,5,Cloudy,Square Round,499.99
Frono,22/07/2022,Comfort,Bergen Six Person,6,3,Cloudy,Round,379.95
Frono,22/07/2022,Muse,Otium Six Person,6,4,Cloudy,Square,996.99
Amazon,31/07/2022,Comfort,Bergen Six Person,6,3,Cloudy,Round,237
Amazon,31/07/2022,Comfort,Bergen Four Person,4,3,Cloudy,Round,219
Amazon,31/07/2022,Comfort,Tekapo Six person,6,1,Cloudy,Square,399.95
Amazon,31/07/2022,Comfort,Tekapo Four person,4,1,Cloudy,Square,399.95
Amazon,31/07/2022,Comfort,Ottomon Six person,6,4,Cloudy,Round,319.95
Amazon,31/07/2022,Comfort,Ottomon Four Person,4,4,Cloudy,Round,439.95
Amazon,31/07/2022,Frame,Mono Six Person,6,5,Cloudy,Round,549.95
Amazon,31/07/2022,Urban,Aurora Six Person,6,5,Cloudy,Round,499.96
Amazon,31/07/2022,Urban,Rimba Six person,6,5,Cloudy,Round,600.01
Amazon,31/07/2022,Urban,Nest Two Person,2,5,Cloudy,Square Round,481.75
Amazon,31/07/2022,Urban,Vito Six Person,6,5,Cloudy,Square round,499.99
Amazon,31/07/2022,Muse,Otium Six Person,4,5,Cloudy,Square,699.95
Amazon,31/07/2022,Muse,Carlton Six person,6,5,Cloudy,Square,625.99
Amazon,31/07/2022,Lite,Lite six person,6,3,Cloudy,Round,249.95
Amazon,31/07/2022,Lite,Lite six person,6,3,Cloudy,Square,249.95
Amazon,31/07/2022,Lite,Lite Four Person,4,3,Cloudy,Round,198.95
Amazon,31/07/2022,Lite,Lite Four Person,4,3,Cloudy,Square,198.99
Amazon,31/07/2022,Lite,Lite six person,6,3,Cloudy,Round,249.95
Amazon,31/07/2022,Lite,Lite six person,6,3,Cloudy,Square,249.95
Amazon,31/07/2022,Lite,Lite Four Person,4,3,Cloudy,Round,198.95
Amazon,31/07/2022,Lite,Lite Four Person,4,3,Cloudy,Square,198.95
Amazon,31/07/2022,Premium,Soho Six Person,6,3,Cloudy,Square,399.99
Amazon,31/07/2022,Premium,Camaro Four Person,4,3,Cloudy,Round,399.99
Amazon,31/07/2022,Premium,Camaro Six Person,6,3,Cloudy,Round,499.95
Amazon,31/07/2022,Premium,Exotic Six Person,6,4,Cloudy,Round,439.99
Amazon,31/07/2022,Premium,Exotic Four Person,4,4,Cloudy,Round,399.99
Amazon,31/07/2022,Delight,Silver Cloud Four person,4,4,Cloudy,Round,249.99
Amazon,31/07/2022,Delight,Silver Cloud Six Person,6,4,Cloudy,Round,279.99
Alice,31/07/2022,Lite,Lite six person,6,3,Cloudy,Round,289
Alice,31/07/2022,Lite,Lite six person,6,3,Cloudy,Square,289
Alice,31/07/2022,Lite,Lite six person,6,3,Cloudy,Round,289
Alice,31/07/2022,Muse,Carlton Six person,6,4,Cloudy,Square,869
Alice,31/07/2022,Lite,Lite Four Person,4,3,Cloudy,Round,249
Alice,31/07/2022,Urban,Nest Two Person,2,5,Cloudy,Square Round,399
Cambs,31/07/2022,Comfort,Bergen Six Person,6,3,Cloudy,Round,349.99
Cambs,31/07/2022,Comfort,Bergen Four Person,4,3,Cloudy,Round,299
Cambs,31/07/2022,Comfort,Tekapo Six person,6,2,Cloudy,Square,579.95
Cambs,31/07/2022,Comfort,Ottomon Six person,6,4,Cloudy,Round,549
Cambs,31/07/2022,Comfort,Starry Six Person,6,3,Cloudy,Round,449.99
Cambs,31/07/2022,Frame,Mono Six Person,6,5,Cloudy,Round,999
Cambs,31/07/2022,Urban,Aurora Six Person,6,5,Cloudy,Round,450
Cambs,31/07/2022,Urban,Rimba Six person,6,5,Cloudy,Round,649.99
Cambs,31/07/2022,Urban,Vito Six Person,6,5,Cloudy,Square Round,694.99
Cambs,31/07/2022,Muse,Otium Six Person,6,5,Cloudy,Square,949.99
Cambs,31/07/2022,Muse,Carlton Six person,6,5,Cloudy,Square,1049.99
Cambs,31/07/2022,Premium,Soho Six Person,6,4,Cloudy,Square,749.99
Cambs,31/07/2022,Premium,Camaro Four Person,4,4,Cloudy,Round,644.99
GSD,31/07/2022,Comfort,Bergen Four Person,4,3,Cloudy,Round,349.95
GSD,31/07/2022,Comfort,Bergen Six Person,6,3,Cloudy,Round,379.95
GSD,31/07/2022,Comfort,Ottomon Six person,6,4,Cloudy,Round,389.95
GSD,31/07/2022,Frame,Mono Six Person,6,5,Cloudy,Round,799.95
GSD,31/07/2022,Comfort,Ottomon Six person,6,5,Cloudy,Round,389.95
GSD,31/07/2022,Premium,Soho Six Person,6,4,Cloudy,Round,449.95
GSD,31/07/2022,Comfort,Tekapo Four person,4,2,Cloudy,Square,349.95
GSD,31/07/2022,Comfort,Tekapo Six person,6,2,Cloudy,Square,419.95
Mspa,31/07/2022,Comfort,Bergen Six Person,6,3,Cloudy,Round,629.99
Mspa,31/07/2022,Comfort,Bergen Four Person,4,3,Cloudy,Round,599.99
Mspa,31/07/2022,Comfort,Tekapo Six person,6,2,Cloudy,Square,649.99
Mspa,31/07/2022,Comfort,Tekapo Four person,4,2,Cloudy,Square,599.99
Mspa,31/07/2022,Comfort,Ottomon Six person,6,4,Cloudy,Round,649.99
Mspa,31/07/2022,Comfort,Ottomon Four Person,4,4,Cloudy,Round,699.99
Mspa,31/07/2022,Frame,Tuscany Six Person,6,5,Cloudy,Round,1499.99
Mspa,31/07/2022,Frame,Mono Six Person,6,5,Cloudy,Round,1199.99
Mspa,31/07/2022,Urban,Aurora Six Person,6,5,Cloudy,Round,949.99
Mspa,31/07/2022,Urban,Rimba Six person,6,5,Cloudy,Round,949.99
Mspa,31/07/2022,Urban,Nest Two Person,2,5,Cloudy,Square Round,749.99
Mspa,31/07/2022,Muse,Otium Six Person,6,5,Cloudy,Square,919.99
Mspa,31/07/2022,Muse,Carlton Six person,6,5,Cloudy,Square,1249.99
Mspa,31/07/2022,Lite,Lite six person,6,3,Cloudy,Round,1249.99
Mspa,31/07/2022,Lite,Lite six person,6,3,Cloudy,Square,549.99
Mspa,31/07/2022,Lite,Lite Four Person,4,3,Cloudy,Round,549.99
Mspa,31/07/2022,Lite,Lite Four Person,4,3,Cloudy,Square,499.99
Mspa,31/07/2022,Premium,Soho Six Person,6,3,Cloudy,Square,499.99
Mspa,31/07/2022,Premium,Camaro Six Person,6,3,Cloudy,Round,899.99
Mspa,31/07/2022,Premium,Camaro Four Person,4,3,Cloudy,Round,849.99
Mspa,31/07/2022,Premium,Exotic Four Person,4,4,Cloudy,Round,929.99
Mspa,31/07/2022,Premium,Exotic Six Person,6,4,Cloudy,Round,899.99
Mspa,31/07/2022,Delight,Silver Cloud Four person,4,4,Cloudy,Round,969.99
Mspa,31/07/2022,Delight,Silver Cloud Six Person,6,4,Cloudy,Round,569.99
Mspa,31/07/2022,Urban,Rimba Six person,6,5,Cloudy,Round,619.99
Frono,31/07/2022,Urban,Rimba Six person,6,5,Cloudy,Round,399.99
Frono,31/07/2022,Delight,Silver Cloud Six Person,6,4,Cloudy,Round,499.99
Frono,31/07/2022,Delight,Silver Cloud Four person,4,4,Cloudy,Round,329.99
Frono,31/07/2022,Urban,Rimba Six person,5,5,Cloudy,Round,399.99
Frono,31/07/2022,Comfort,Bergen Four Person,4,3,Cloudy,Round,269.99
Frono,31/07/2022,Frame,Tuscany Six Person,6,5,Cloudy,Round,1349.99
Frono,31/07/2022,Frame,Tuscany Six Person,6,5,Cloudy,Round,1349.99
Frono,31/07/2022,Comfort,Ottomon Six person,6,4,Cloudy,Round,339.99
Frono,31/07/2022,Urban,Vito Six Person,6,5,Cloudy,Square Round,499.99
Frono,31/07/2022,Comfort,Bergen Six Person,6,3,Cloudy,Round,379.95
Frono,31/07/2022,Muse,Otium Six Person,6,4,Cloudy,Square,996.99
Amazon,03/08/2022,Comfort,Bergen Six Person,6,3,Sunny,Round,237
Amazon,03/08/2022,Comfort,Bergen Four Person,4,3,Sunny,Round,219
Amazon,03/08/2022,Comfort,Tekapo Six person,6,1,Sunny,Square,399.95
Amazon,03/08/2022,Comfort,Tekapo Four person,4,1,Sunny,Square,399.95
Amazon,03/08/2022,Comfort,Ottomon Six person,6,4,Sunny,Round,319.95
Amazon,03/08/2022,Comfort,Ottomon Four Person,4,4,Sunny,Round,439.95
Amazon,03/08/2022,Frame,Mono Six Person,6,5,Sunny,Round,549.95
Amazon,03/08/2022,Urban,Aurora Six Person,6,5,Sunny,Round,499.96
Amazon,03/08/2022,Urban,Rimba Six person,6,5,Sunny,Round,600.01
Amazon,03/08/2022,Urban,Nest Two Person,2,5,Sunny,Square Round,481.75
Amazon,03/08/2022,Urban,Vito Six Person,6,5,Sunny,Square round,499.99
Amazon,03/08/2022,Muse,Otium Six Person,4,5,Sunny,Square,699.95
Amazon,03/08/2022,Muse,Carlton Six person,6,5,Sunny,Square,625.99
Amazon,03/08/2022,Lite,Lite six person,6,3,Sunny,Round,249.95
Amazon,03/08/2022,Lite,Lite six person,6,3,Sunny,Square,249.95
Amazon,03/08/2022,Lite,Lite Four Person,4,3,Sunny,Round,198.95
Amazon,03/08/2022,Lite,Lite Four Person,4,3,Sunny,Square,198.99
Amazon,03/08/2022,Lite,Lite six person,6,3,Sunny,Round,249.95
Amazon,03/08/2022,Lite,Lite six person,6,3,Sunny,Square,249.95
Amazon,03/08/2022,Lite,Lite Four Person,4,3,Sunny,Round,198.95
Amazon,03/08/2022,Lite,Lite Four Person,4,3,Sunny,Square,198.95
Amazon,03/08/2022,Premium,Soho Six Person,6,3,Sunny,Square,399.99
Amazon,03/08/2022,Premium,Camaro Four Person,4,3,Sunny,Round,399.99
Amazon,03/08/2022,Premium,Camaro Six Person,6,3,Sunny,Round,499.95
Amazon,03/08/2022,Premium,Exotic Six Person,6,4,Sunny,Round,439.99
Amazon,03/08/2022,Premium,Exotic Four Person,4,4,Sunny,Round,399.99
Amazon,03/08/2022,Delight,Silver Cloud Four person,4,4,Sunny,Round,249.99
Amazon,03/08/2022,Delight,Silver Cloud Six Person,6,4,Sunny,Round,279.99
Alice,03/08/2022,Lite,Lite six person,6,3,Sunny,Round,289
Alice,03/08/2022,Lite,Lite six person,6,3,Sunny,Square,289
Alice,03/08/2022,Lite,Lite six person,6,3,Sunny,Round,289
Alice,03/08/2022,Muse,Carlton Six person,6,4,Sunny,Square,869
Alice,03/08/2022,Lite,Lite Four Person,4,3,Sunny,Round,249
Alice,03/08/2022,Urban,Nest Two Person,2,5,Sunny,Square Round,399
Cambs,03/08/2022,Comfort,Bergen Six Person,6,3,Sunny,Round,349.99
Cambs,03/08/2022,Comfort,Bergen Four Person,4,3,Sunny,Round,299
Cambs,03/08/2022,Comfort,Tekapo Six person,6,2,Sunny,Square,579.95
Cambs,03/08/2022,Comfort,Ottomon Six person,6,4,Sunny,Round,549
Cambs,03/08/2022,Comfort,Starry Six Person,6,3,Sunny,Round,449.99
Cambs,03/08/2022,Frame,Mono Six Person,6,5,Sunny,Round,999
Cambs,03/08/2022,Urban,Aurora Six Person,6,5,Sunny,Round,450
Cambs,03/08/2022,Urban,Rimba Six person,6,5,Sunny,Round,649.99
Cambs,03/08/2022,Urban,Vito Six Person,6,5,Sunny,Square Round,694.99
Cambs,03/08/2022,Muse,Otium Six Person,6,5,Sunny,Square,949.99
Cambs,03/08/2022,Muse,Carlton Six person,6,5,Sunny,Square,1049.99
Cambs,03/08/2022,Premium,Soho Six Person,6,4,Sunny,Square,749.99
Cambs,03/08/2022,Premium,Camaro Four Person,4,4,Sunny,Round,644.99
GSD,03/08/2022,Comfort,Bergen Four Person,4,3,Sunny,Round,349.95
GSD,03/08/2022,Comfort,Bergen Six Person,6,3,Sunny,Round,379.95
GSD,03/08/2022,Comfort,Ottomon Six person,6,4,Sunny,Round,389.95
GSD,03/08/2022,Frame,Mono Six Person,6,5,Sunny,Round,799.95
GSD,03/08/2022,Comfort,Ottomon Six person,6,5,Sunny,Round,389.95
GSD,03/08/2022,Premium,Soho Six Person,6,4,Sunny,Round,449.95
GSD,03/08/2022,Comfort,Tekapo Four person,4,2,Sunny,Square,349.95
GSD,03/08/2022,Comfort,Tekapo Six person,6,2,Sunny,Square,419.95
Mspa,03/08/2022,Comfort,Bergen Six Person,6,3,Sunny,Round,629.99
Mspa,03/08/2022,Comfort,Bergen Four Person,4,3,Sunny,Round,599.99
Mspa,03/08/2022,Comfort,Tekapo Six person,6,2,Sunny,Square,649.99
Mspa,03/08/2022,Comfort,Tekapo Four person,4,2,Sunny,Square,599.99
Mspa,03/08/2022,Comfort,Ottomon Six person,6,4,Sunny,Round,649.99
Mspa,03/08/2022,Comfort,Ottomon Four Person,4,4,Sunny,Round,699.99
Mspa,03/08/2022,Frame,Tuscany Six Person,6,5,Sunny,Round,1499.99
Mspa,03/08/2022,Frame,Mono Six Person,6,5,Sunny,Round,1199.99
Mspa,03/08/2022,Urban,Aurora Six Person,6,5,Sunny,Round,949.99
Mspa,03/08/2022,Urban,Rimba Six person,6,5,Sunny,Round,949.99
Mspa,03/08/2022,Urban,Nest Two Person,2,5,Sunny,Square Round,749.99
Mspa,03/08/2022,Muse,Otium Six Person,6,5,Sunny,Square,919.99
Mspa,03/08/2022,Muse,Carlton Six person,6,5,Sunny,Square,1249.99
Mspa,03/08/2022,Lite,Lite six person,6,3,Sunny,Round,1249.99
Mspa,03/08/2022,Lite,Lite six person,6,3,Sunny,Square,549.99
Mspa,03/08/2022,Lite,Lite Four Person,4,3,Sunny,Round,549.99
Mspa,03/08/2022,Lite,Lite Four Person,4,3,Sunny,Square,499.99
Mspa,03/08/2022,Premium,Soho Six Person,6,3,Sunny,Square,499.99
Mspa,03/08/2022,Premium,Camaro Six Person,6,3,Sunny,Round,899.99
Mspa,03/08/2022,Premium,Camaro Four Person,4,3,Sunny,Round,849.99
Mspa,03/08/2022,Premium,Exotic Four Person,4,4,Sunny,Round,929.99
Mspa,03/08/2022,Premium,Exotic Six Person,6,4,Sunny,Round,899.99
Mspa,03/08/2022,Delight,Silver Cloud Four person,4,4,Sunny,Round,969.99
Mspa,03/08/2022,Delight,Silver Cloud Six Person,6,4,Sunny,Round,569.99
Mspa,03/08/2022,Urban,Rimba Six person,6,5,Sunny,Round,619.99
Frono,03/08/2022,Urban,Rimba Six person,6,5,Sunny,Round,399.99
Frono,03/08/2022,Delight,Silver Cloud Six Person,6,4,Sunny,Round,499.99
Frono,03/08/2022,Delight,Silver Cloud Four person,4,4,Sunny,Round,329.99
Frono,03/08/2022,Urban,Rimba Six person,5,5,Sunny,Round,399.99
Frono,03/08/2022,Comfort,Bergen Four Person,4,3,Sunny,Round,269.99
Frono,03/08/2022,Frame,Tuscany Six Person,6,5,Sunny,Round,1349.99
Frono,03/08/2022,Frame,Tuscany Six Person,6,5,Sunny,Round,1349.99
Frono,03/08/2022,Comfort,Ottomon Six person,6,4,Sunny,Round,339.99
Frono,03/08/2022,Urban,Vito Six Person,6,5,Sunny,Square Round,499.99
Frono,03/08/2022,Comfort,Bergen Six Person,6,3,Sunny,Round,379.95
Frono,03/08/2022,Muse,Otium Six Person,6,4,Sunny,Square,996.99
Amazon,04/08/2022,Comfort,Bergen Six Person,6,3,Sunny,Round,237
Amazon,04/08/2022,Comfort,Bergen Four Person,4,3,Sunny,Round,219
Amazon,04/08/2022,Comfort,Tekapo Six person,6,1,Sunny,Square,399.95
Amazon,04/08/2022,Comfort,Tekapo Four person,4,1,Sunny,Square,399.95
Amazon,04/08/2022,Comfort,Ottomon Six person,6,4,Sunny,Round,319.95
Amazon,04/08/2022,Comfort,Ottomon Four Person,4,4,Sunny,Round,439.95
Amazon,04/08/2022,Frame,Mono Six Person,6,5,Sunny,Round,549.95
Amazon,04/08/2022,Urban,Aurora Six Person,6,5,Sunny,Round,499.96
Amazon,04/08/2022,Urban,Rimba Six person,6,5,Sunny,Round,600.01
Amazon,04/08/2022,Urban,Nest Two Person,2,5,Sunny,Square Round,481.75
Amazon,04/08/2022,Urban,Vito Six Person,6,5,Sunny,Square round,499.99
Amazon,04/08/2022,Muse,Otium Six Person,4,5,Sunny,Square,699.95
Amazon,04/08/2022,Muse,Carlton Six person,6,5,Sunny,Square,625.99
Amazon,04/08/2022,Lite,Lite six person,6,3,Sunny,Round,249.95
Amazon,04/08/2022,Lite,Lite six person,6,3,Sunny,Square,249.95
Amazon,04/08/2022,Lite,Lite Four Person,4,3,Sunny,Round,198.95
Amazon,04/08/2022,Lite,Lite Four Person,4,3,Sunny,Square,198.99
Amazon,04/08/2022,Lite,Lite six person,6,3,Sunny,Round,249.95
Amazon,04/08/2022,Lite,Lite six person,6,3,Sunny,Square,249.95
Amazon,04/08/2022,Lite,Lite Four Person,4,3,Sunny,Round,198.95
Amazon,04/08/2022,Lite,Lite Four Person,4,3,Sunny,Square,198.95
Amazon,04/08/2022,Premium,Soho Six Person,6,3,Sunny,Square,399.99
Amazon,04/08/2022,Premium,Camaro Four Person,4,3,Sunny,Round,399.99
Amazon,04/08/2022,Premium,Camaro Six Person,6,3,Sunny,Round,499.95
Amazon,04/08/2022,Premium,Exotic Six Person,6,4,Sunny,Round,439.99
Amazon,04/08/2022,Premium,Exotic Four Person,4,4,Sunny,Round,399.99
Amazon,04/08/2022,Delight,Silver Cloud Four person,4,4,Sunny,Round,249.99
Amazon,04/08/2022,Delight,Silver Cloud Six Person,6,4,Sunny,Round,279.99
Alice,04/08/2022,Lite,Lite six person,6,3,Sunny,Round,289
Alice,04/08/2022,Lite,Lite six person,6,3,Sunny,Square,289
Alice,04/08/2022,Lite,Lite six person,6,3,Sunny,Round,289
Alice,04/08/2022,Muse,Carlton Six person,6,4,Sunny,Square,869
Alice,04/08/2022,Lite,Lite Four Person,4,3,Sunny,Round,249
Alice,04/08/2022,Urban,Nest Two Person,2,5,Sunny,Square Round,399
Cambs,04/08/2022,Comfort,Bergen Six Person,6,3,Sunny,Round,349.99
Cambs,04/08/2022,Comfort,Bergen Four Person,4,3,Sunny,Round,299
Cambs,04/08/2022,Comfort,Tekapo Six person,6,2,Sunny,Square,579.95
Cambs,04/08/2022,Comfort,Ottomon Six person,6,4,Sunny,Round,549
Cambs,04/08/2022,Comfort,Starry Six Person,6,3,Sunny,Round,449.99
Cambs,04/08/2022,Frame,Mono Six Person,6,5,Sunny,Round,999
Cambs,04/08/2022,Urban,Aurora Six Person,6,5,Sunny,Round,450
Cambs,04/08/2022,Urban,Rimba Six person,6,5,Sunny,Round,649.99
Cambs,04/08/2022,Urban,Vito Six Person,6,5,Sunny,Square Round,694.99
Cambs,04/08/2022,Muse,Otium Six Person,6,5,Sunny,Square,949.99
Cambs,04/08/2022,Muse,Carlton Six person,6,5,Sunny,Square,1049.99
Cambs,04/08/2022,Premium,Soho Six Person,6,4,Sunny,Square,749.99
Cambs,04/08/2022,Premium,Camaro Four Person,4,4,Sunny,Round,644.99
GSD,04/08/2022,Comfort,Bergen Four Person,4,3,Sunny,Round,349.95
GSD,04/08/2022,Comfort,Bergen Six Person,6,3,Sunny,Round,379.95
GSD,04/08/2022,Comfort,Ottomon Six person,6,4,Sunny,Round,389.95
GSD,04/08/2022,Frame,Mono Six Person,6,5,Sunny,Round,799.95
GSD,04/08/2022,Comfort,Ottomon Six person,6,5,Sunny,Round,389.95
GSD,04/08/2022,Premium,Soho Six Person,6,4,Sunny,Round,449.95
GSD,04/08/2022,Comfort,Tekapo Four person,4,2,Sunny,Square,349.95
GSD,04/08/2022,Comfort,Tekapo Six person,6,2,Sunny,Square,419.95
Mspa,04/08/2022,Comfort,Bergen Six Person,6,3,Sunny,Round,629.99
Mspa,04/08/2022,Comfort,Bergen Four Person,4,3,Sunny,Round,599.99
Mspa,04/08/2022,Comfort,Tekapo Six person,6,2,Sunny,Square,649.99
Mspa,04/08/2022,Comfort,Tekapo Four person,4,2,Sunny,Square,599.99
Mspa,04/08/2022,Comfort,Ottomon Six person,6,4,Sunny,Round,649.99
Mspa,04/08/2022,Comfort,Ottomon Four Person,4,4,Sunny,Round,699.99
Mspa,04/08/2022,Frame,Tuscany Six Person,6,5,Sunny,Round,1499.99
Mspa,04/08/2022,Frame,Mono Six Person,6,5,Sunny,Round,1199.99
Mspa,04/08/2022,Urban,Aurora Six Person,6,5,Sunny,Round,949.99
Mspa,04/08/2022,Urban,Rimba Six person,6,5,Sunny,Round,949.99
Mspa,04/08/2022,Urban,Nest Two Person,2,5,Sunny,Square Round,749.99
Mspa,04/08/2022,Muse,Otium Six Person,6,5,Sunny,Square,919.99
Mspa,04/08/2022,Muse,Carlton Six person,6,5,Sunny,Square,1249.99
Mspa,04/08/2022,Lite,Lite six person,6,3,Sunny,Round,1249.99
Mspa,04/08/2022,Lite,Lite six person,6,3,Sunny,Square,549.99
Mspa,04/08/2022,Lite,Lite Four Person,4,3,Sunny,Round,549.99
Mspa,04/08/2022,Lite,Lite Four Person,4,3,Sunny,Square,499.99
Mspa,04/08/2022,Premium,Soho Six Person,6,3,Sunny,Square,499.99
Mspa,04/08/2022,Premium,Camaro Six Person,6,3,Sunny,Round,899.99
Mspa,04/08/2022,Premium,Camaro Four Person,4,3,Sunny,Round,849.99
Mspa,04/08/2022,Premium,Exotic Four Person,4,4,Sunny,Round,929.99
Mspa,04/08/2022,Premium,Exotic Six Person,6,4,Sunny,Round,899.99
Mspa,04/08/2022,Delight,Silver Cloud Four person,4,4,Sunny,Round,969.99
Mspa,04/08/2022,Delight,Silver Cloud Six Person,6,4,Sunny,Round,569.99
Mspa,04/08/2022,Urban,Rimba Six person,6,5,Sunny,Round,619.99
Frono,04/08/2022,Urban,Rimba Six person,6,5,Sunny,Round,399.99
Frono,04/08/2022,Delight,Silver Cloud Six Person,6,4,Sunny,Round,499.99
Frono,04/08/2022,Delight,Silver Cloud Four person,4,4,Sunny,Round,329.99
Frono,04/08/2022,Urban,Rimba Six person,5,5,Sunny,Round,399.99
Frono,04/08/2022,Comfort,Bergen Four Person,4,3,Sunny,Round,269.99
Frono,04/08/2022,Frame,Tuscany Six Person,6,5,Sunny,Round,1349.99
Frono,04/08/2022,Frame,Tuscany Six Person,6,5,Sunny,Round,1349.99
Frono,04/08/2022,Comfort,Ottomon Six person,6,4,Sunny,Round,339.99
Frono,04/08/2022,Urban,Vito Six Person,6,5,Sunny,Square Round,499.99
Frono,04/08/2022,Comfort,Bergen Six Person,6,3,Sunny,Round,379.95
Frono,04/08/2022,Muse,Otium Six Person,6,4,Sunny,Square,996.99
,,,,,,,,
,,,,,,,,
,,,,,,,,
,,,,,,,,
,,,,,,,,
,,,,,,,,
,,,,,,,,
,,,,,,,,
,,,,,,,,
,,,,,,,,
,,,,,,,,
,,,,,,,,
,,,,,,,,
,,,,,,,,
,,,,,,,,
,,,,,,,,
,,,,,,,,
,,,,,,,,
,,,,,,,,
,,,,,,,,
,,,,,,,,
,,,,,,,,
,,,,,,,,
,,,,,,,,
,,,,,,,,
,,,,,,,,
,,,,,,,,
,,,,,,,,
,,,,,,,,
,,,,,,,,
,,,,,,,,
,,,,,,,,
,,,,,,,,
,,,,,,,,
,,,,,,,,
,,,,,,,,
,,,,,,,,
,,,,,,,,
,,,,,,,,
,,,,,,,,
,,,,,,,,
,,,,,,,,
,,,,,,,,
,,,,,,,,
,,,,,,,,
,,,,,,,,
,,,,,,,,
,,,,,,,,
,,,,,,,,
,,,,,,,,
,,,,,,,,
,,,,,,,,
,,,,,,,,
,,,,,,,,
,,,,,,,,
,,,,,,,,
,,,,,,,,
,,,,,,,,
,,,,,,,,
,,,,,,,,
,,,,,,,,
,,,,,,,,
,,,,,,,,
,,,,,,,,
,,,,,,,,
,,,,,,,,
,,,,,,,,
,,,,,,,,
,,,,,,,,
,,,,,,,,
,,,,,,,,
,,,,,,,,
,,,,,,,,
,,,,,,,,
,,,,,,,,
,,,,,,,,
,,,,,,,,
,,,,,,,,
,,,,,,,,
,,,,,,,,
,,,,,,,,
,,,,,,,,
,,,,,,,,
,,,,,,,,
,,,,,,,,
,,,,,,,,
,,,,,,,,
,,,,,,,,
,,,,,,,,
,,,,,,,,
,,,,,,,,
,,,,,,,,
,,,,,,,,
,,,,,,,,
,,,,,,,,
,,,,,,,,
,,,,,,,,
,,,,,,,,
,,,,,,,,
,,,,,,,,
,,,,,,,,
,,,,,,,,
,,,,,,,,
,,,,,,,,
,,,,,,,,
,,,,,,,,
,,,,,,,,
,,,,,,,,
,,,,,,,,
,,,,,,,,
,,,,,,,,
,,,,,,,,
,,,,,,,,
,,,,,,,,
,,,,,,,,
,,,,,,,,
,,,,,,,,
,,,,,,,,
,,,,,,,,
,,,,,,,,
,,,,,,,,
,,,,,,,,
,,,,,,,,
,,,,,,,,
,,,,,,,,
,,,,,,,,
,,,,,,,,
,,,,,,,,
,,,,,,,,
,,,,,,,,
,,,,,,,,
,,,,,,,,
,,,,,,,,
,,,,,,,,
,,,,,,,,
,,,,,,,,
,,,,,,,,
,,,,,,,,
,,,,,,,,
,,,,,,,,
,,,,,,,,
,,,,,,,,
,,,,,,,,
,,,,,,,,
,,,,,,,,
,,,,,,,,
,,,,,,,,
,,,,,,,,
,,,,,,,,
,,,,,,,,
,,,,,,,,
,,,,,,,,
,,,,,,,,
,,,,,,,,
,,,,,,,,
,,,,,,,,
,,,,,,,,
,,,,,,,,
,,,,,,,,
,,,,,,,,
,,,,,,,,
,,,,,,,,
,,,,,,,,
,,,,,,,,
,,,,,,,,
,,,,,,,,
,,,,,,,,
,,,,,,,,
,,,,,,,,
,,,,,,,,
,,,,,,,,
,,,,,,,,
,,,,,,,,
,,,,,,,,
,,,,,,,,
,,,,,,,,
,,,,,,,,
,,,,,,,,
,,,,,,,,
,,,,,,,,
,,,,,,,,
,,,,,,,,
,,,,,,,,
,,,,,,,,
,,,,,,,,
,,,,,,,,
,,,,,,,,
,,,,,,,,
,,,,,,,,
,,,,,,,,
,,,,,,,,
,,,,,,,,
,,,,,,,,
,,,,,,,,
,,,,,,,,
,,,,,,,,
,,,,,,,,
,,,,,,,,
,,,,,,,,
,,,,,,,,
,,,,,,,,
,,,,,,,,
,,,,,,,,
,,,,,,,,
,,,,,,,,
,,,,,,,,
,,,,,,,,
,,,,,,,,
,,,,,,,,
,,,,,,,,
,,,,,,,,
,,,,,,,,
,,,,,,,,
,,,,,,,,
,,,,,,,,
,,,,,,,,
,,,,,,,,
,,,,,,,,
,,,,,,,,
,,,,,,,,
,,,,,,,,
,,,,,,,,
,,,,,,,,
,,,,,,,,
,,,,,,,,
,,,,,,,,
,,,,,,,,
,,,,,,,,
,,,,,,,,
,,,,,,,,
,,,,,,,,
,,,,,,,,
,,,,,,,,
,,,,,,,,
,,,,,,,,
,,,,,,,,
,,,,,,,,
,,,,,,,,
,,,,,,,,
,,,,,,,,
,,,,,,,,
,,,,,,,,
,,,,,,,,
,,,,,,,,
,,,,,,,,
,,,,,,,,
,,,,,,,,
,,,,,,,,
,,,,,,,,
,,,,,,,,
,,,,,,,,
,,,,,,,,
,,,,,,,,
,,,,,,,,
,,,,,,,,
,,,,,,,,
,,,,,,,,
,,,,,,,,
,,,,,,,,
,,,,,,,,
,,,,,,,,
,,,,,,,,
,,,,,,,,
,,,,,,,,
,,,,,,,,
,,,,,,,,
,,,,,,,,
,,,,,,,,
,,,,,,,,
,,,,,,,,
,,,,,,,,
,,,,,,,,
,,,,,,,,
,,,,,,,,
,,,,,,,,
,,,,,,,,
,,,,,,,,
,,,,,,,,
,,,,,,,,
,,,,,,,,
,,,,,,,,
,,,,,,,,
,,,,,,,,
,,,,,,,,
,,,,,,,,
,,,,,,,,
,,,,,,,,
,,,,,,,,
,,,,,,,,
,,,,,,,,
,,,,,,,,
,,,,,,,,
,,,,,,,,
,,,,,,,,
,,,,,,,,
,,,,,,,,
,,,,,,,,
,,,,,,,,
,,,,,,,,
,,,,,,,,
,,,,,,,,
,,,,,,,,
,,,,,,,,
,,,,,,,,
,,,,,,,,
,,,,,,,,
,,,,,,,,
,,,,,,,,
,,,,,,,,
,,,,,,,,
,,,,,,,,
,,,,,,,,
,,,,,,,,
,,,,,,,,
,,,,,,,,
,,,,,,,,
,,,,,,,,
,,,,,,,,
,,,,,,,,
,,,,,,,,
,,,,,,,,
,,,,,,,,
,,,,,,,,
,,,,,,,,
,,,,,,,,
,,,,,,,,
,,,,,,,,
,,,,,,,,
,,,,,,,,
,,,,,,,,
,,,,,,,,
,,,,,,,,
,,,,,,,,
,,,,,,,,
,,,,,,,,
,,,,,,,,
,,,,,,,,
,,,,,,,,
,,,,,,,,
,,,,,,,,
,,,,,,,,
,,,,,,,,
,,,,,,,,
,,,,,,,,
,,,,,,,,
,,,,,,,,
,,,,,,,,
,,,,,,,,
,,,,,,,,
,,,,,,,,
,,,,,,,,
,,,,,,,,
,,,,,,,,
,,,,,,,,
,,,,,,,,
,,,,,,,,
,,,,,,,,
,,,,,,,,
,,,,,,,,
,,,,,,,,
,,,,,,,,
,,,,,,,,
,,,,,,,,
,,,,,,,,
,,,,,,,,
,,,,,,,,
,,,,,,,,
,,,,,,,,
,,,,,,,,
,,,,,,,,
,,,,,,,,
,,,,,,,,
,,,,,,,,
,,,,,,,,
,,,,,,,,
,,,,,,,,
,,,,,,,,
,,,,,,,,
,,,,,,,,
,,,,,,,,
,,,,,,,,
,,,,,,,,
,,,,,,,,
,,,,,,,,
,,,,,,,,
,,,,,,,,
,,,,,,,,
,,,,,,,,
,,,,,,,,
,,,,,,,,
,,,,,,,,
,,,,,,,,
,,,,,,,,
,,,,,,,,
,,,,,,,,
,,,,,,,,
,,,,,,,,
,,,,,,,,
,,,,,,,,
,,,,,,,,
,,,,,,,,
,,,,,,,,
,,,,,,,,
,,,,,,,,
,,,,,,,,
,,,,,,,,
,,,,,,,,
,,,,,,,,
,,,,,,,,
,,,,,,,,
,,,,,,,,
,,,,,,,,
,,,,,,,,
,,,,,,,,
,,,,,,,,
,,,,,,,,
,,,,,,,,
,,,,,,,,
,,,,,,,,
,,,,,,,,
,,,,,,,,
,,,,,,,,
,,,,,,,,
,,,,,,,,
,,,,,,,,
,,,,,,,,
,,,,,,,,
,,,,,,,,
,,,,,,,,
,,,,,,,,
,,,,,,,,
,,,,,,,,
,,,,,,,,
,,,,,,,,
,,,,,,,,
,,,,,,,,
,,,,,,,,
,,,,,,,,
,,,,,,,,
,,,,,,,,
,,,,,,,,
,,,,,,,,
,,,,,,,,
,,,,,,,,
,,,,,,,,
,,,,,,,,
,,,,,,,,
,,,,,,,,
,,,,,,,,
,,,,,,,,
,,,,,,,,
,,,,,,,,
,,,,,,,,
,,,,,,,,
,,,,,,,,
,,,,,,,,
,,,,,,,,
,,,,,,,,
,,,,,,,,
,,,,,,,,
,,,,,,,,
,,,,,,,,
,,,,,,,,
,,,,,,,,
,,,,,,,,
,,,,,,,,
,,,,,,,,
,,,,,,,,
,,,,,,,,
,,,,,,,,
,,,,,,,,
,,,,,,,,
,,,,,,,,
,,,,,,,,
,,,,,,,,
,,,,,,,,
,,,,,,,,
,,,,,,,,
,,,,,,,,
,,,,,,,,
,,,,,,,,
,,,,,,,,
,,,,,,,,
,,,,,,,,
,,,,,,,,
,,,,,,,,
,,,,,,,,
,,,,,,,,
,,,,,,,,
,,,,,,,,
,,,,,,,,
,,,,,,,,
,,,,,,,,
,,,,,,,,
,,,,,,,,
,,,,,,,,
,,,,,,,,
,,,,,,,,
,,,,,,,,
,,,,,,,,
,,,,,,,,
,,,,,,,,
,,,,,,,,
,,,,,,,,
,,,,,,,,
,,,,,,,,
,,,,,,,,
,,,,,,,,
,,,,,,,,
,,,,,,,,
,,,,,,,,
,,,,,,,,
,,,,,,,,
,,,,,,,,
,,,,,,,,
,,,,,,,,
,,,,,,,,
,,,,,,,,
,,,,,,,,
,,,,,,,,
,,,,,,,,
,,,,,,,,
,,,,,,,,
,,,,,,,,
,,,,,,,,
,,,,,,,,
,,,,,,,,
,,,,,,,,
,,,,,,,,
,,,,,,,,
,,,,,,,,
,,,,,,,,
,,,,,,,,
,,,,,,,,
,,,,,,,,
,,,,,,,,
,,,,,,,,
,,,,,,,,
,,,,,,,,
,,,,,,,,
,,,,,,,,
,,,,,,,,
,,,,,,,,
,,,,,,,,
,,,,,,,,
,,,,,,,,
,,,,,,,,
,,,,,,,,
,,,,,,,,
,,,,,,,,
,,,,,,,,
,,,,,,,,
,,,,,,,,
,,,,,,,,
,,,,,,,,
,,,,,,,,
,,,,,,,,
,,,,,,,,
,,,,,,,,
,,,,,,,,
,,,,,,,,
,,,,,,,,
,,,,,,,,
,,,,,,,,
,,,,,,,,
,,,,,,,,
,,,,,,,,
,,,,,,,,
,,,,,,,,
,,,,,,,,
,,,,,,,,
,,,,,,,,
,,,,,,,,
,,,,,,,,
,,,,,,,,
,,,,,,,,
,,,,,,,,
,,,,,,,,
,,,,,,,,
,,,,,,,,
,,,,,,,,
,,,,,,,,
,,,,,,,,
,,,,,,,,
,,,,,,,,
,,,,,,,,
,,,,,,,,
,,,,,,,,
,,,,,,,,
,,,,,,,,
,,,,,,,,
,,,,,,,,
,,,,,,,,
,,,,,,,,
,,,,,,,,
,,,,,,,,
,,,,,,,,
,,,,,,,,
,,,,,,,,
,,,,,,,,
,,,,,,,,
,,,,,,,,
,,,,,,,,
,,,,,,,,
,,,,,,,,
,,,,,,,,
,,,,,,,,
,,,,,,,,
,,,,,,,,
,,,,,,,,
,,,,,,,,
,,,,,,,,
,,,,,,,,
,,,,,,,,
,,,,,,,,
,,,,,,,,
,,,,,,,,
,,,,,,,,
,,,,,,,,
,,,,,,,,
,,,,,,,,
,,,,,,,,
,,,,,,,,
,,,,,,,,
,,,,,,,,
,,,,,,,,
,,,,,,,,
,,,,,,,,
,,,,,,,,
,,,,,,,,
,,,,,,,,
,,,,,,,,
,,,,,,,,
,,,,,,,,
,,,,,,,,
,,,,,,,,
,,,,,,,,
,,,,,,,,
,,,,,,,,
,,,,,,,,
,,,,,,,,
,,,,,,,,
,,,,,,,,
,,,,,,,,
,,,,,,,,
,,,,,,,,
,,,,,,,,
,,,,,,,,
,,,,,,,,
,,,,,,,,
,,,,,,,,
,,,,,,,,
,,,,,,,,
,,,,,,,,
,,,,,,,,
,,,,,,,,
,,,,,,,,
,,,,,,,,
,,,,,,,,
,,,,,,,,
,,,,,,,,
,,,,,,,,
,,,,,,,,
,,,,,,,,
,,,,,,,,
,,,,,,,,
,,,,,,,,
,,,,,,,,
,,,,,,,,
,,,,,,,,
,,,,,,,,
,,,,,,,,
,,,,,,,,
,,,,,,,,
,,,,,,,,
,,,,,,,,
,,,,,,,,
,,,,,,,,
,,,,,,,,
,,,,,,,,
,,,,,,,,
,,,,,,,,
,,,,,,,,
,,,,,,,,
,,,,,,,,
,,,,,,,,
,,,,,,,,
,,,,,,,,
,,,,,,,,
,,,,,,,,
,,,,,,,,
,,,,,,,,
,,,,,,,,
,,,,,,,,
,,,,,,,,
,,,,,,,,
,,,,,,,,
,,,,,,,,
,,,,,,,,
,,,,,,,,
,,,,,,,,
,,,,,,,,
,,,,,,,,
,,,,,,,,
,,,,,,,,
,,,,,,,,
,,,,,,,,
,,,,,,,,
,,,,,,,,
,,,,,,,,
,,,,,,,,
,,,,,,,,
,,,,,,,,
,,,,,,,,
,,,,,,,,
,,,,,,,,
,,,,,,,,
,,,,,,,,
,,,,,,,,
,,,,,,,,
,,,,,,,,
,,,,,,,,
,,,,,,,,
,,,,,,,,
,,,,,,,,
,,,,,,,,
,,,,,,,,
,,,,,,,,
,,,,,,,,
,,,,,,,,
,,,,,,,,
,,,,,,,,
,,,,,,,,
,,,,,,,,
,,,,,,,,
,,,,,,,,
,,,,,,,,
,,,,,,,,
,,,,,,,,
,,,,,,,,
,,,,,,,,
,,,,,,,,
,,,,,,,,
,,,,,,,,
,,,,,,,,
,,,,,,,,
,,,,,,,,
,,,,,,,,
,,,,,,,,
,,,,,,,,
,,,,,,,,
,,,,,,,,
,,,,,,,,
,,,,,,,,
,,,,,,,,
,,,,,,,,
,,,,,,,,
,,,,,,,,
,,,,,,,,
,,,,,,,,
,,,,,,,,
,,,,,,,,
,,,,,,,,
,,,,,,,,
,,,,,,,,
,,,,,,,,
,,,,,,,,
,,,,,,,,
,,,,,,,,
,,,,,,,,
,,,,,,,,
,,,,,,,,
,,,,,,,,
,,,,,,,,
,,,,,,,,
,,,,,,,,
,,,,,,,,
,,,,,,,,
,,,,,,,,
,,,,,,,,
,,,,,,,,
,,,,,,,,
,,,,,,,,
,,,,,,,,
,,,,,,,,
,,,,,,,,
,,,,,,,,
,,,,,,,,
,,,,,,,,
,,,,,,,,
,,,,,,,,
,,,,,,,,
,,,,,,,,
,,,,,,,,
,,,,,,,,
,,,,,,,,
,,,,,,,,
,,,,,,,,
,,,,,,,,
,,,,,,,,
,,,,,,,,
,,,,,,,,
,,,,,,,,
,,,,,,,,
,,,,,,,,
,,,,,,,,
,,,,,,,,
,,,,,,,,
,,,,,,,,
,,,,,,,,
,,,,,,,,
,,,,,,,,
,,,,,,,,
,,,,,,,,
,,,,,,,,
,,,,,,,,
,,,,,,,,
,,,,,,,,
,,,,,,,,
,,,,,,,,
,,,,,,,,
,,,,,,,,
,,,,,,,,
,,,,,,,,
,,,,,,,,
,,,,,,,,
,,,,,,,,
,,,,,,,,
,,,,,,,,
,,,,,,,,
,,,,,,,,
,,,,,,,,
,,,,,,,,
,,,,,,,,
,,,,,,,,
,,,,,,,,
,,,,,,,,
,,,,,,,,
,,,,,,,,
,,,,,,,,
,,,,,,,,
,,,,,,,,
,,,,,,,,
,,,,,,,,
,,,,,,,,
,,,,,,,,
,,,,,,,,
,,,,,,,,
,,,,,,,,
,,,,,,,,
,,,,,,,,
,,,,,,,,
,,,,,,,,
,,,,,,,,
,,,,,,,,
,,,,,,,,
,,,,,,,,
,,,,,,,,
,,,,,,,,
,,,,,,,,
,,,,,,,,
,,,,,,,,
,,,,,,,,
,,,,,,,,
,,,,,,,,
,,,,,,,,
,,,,,,,,
,,,,,,,,
,,,,,,,,
,,,,,,,,
,,,,,,,,
,,,,,,,,
,,,,,,,,
,,,,,,,,
,,,,,,,,
,,,,,,,,
,,,,,,,,
,,,,,,,,
,,,,,,,,
,,,,,,,,
,,,,,,,,
,,,,,,,,
,,,,,,,,
,,,,,,,,
,,,,,,,,
,,,,,,,,
,,,,,,,,
,,,,,,,,
,,,,,,,,
,,,,,,,,
,,,,,,,,
,,,,,,,,
,,,,,,,,
,,,,,,,,
,,,,,,,,
,,,,,,,,
,,,,,,,,
,,,,,,,,
,,,,,,,,
,,,,,,,,
,,,,,,,,
,,,,,,,,
,,,,,,,,
,,,,,,,,
,,,,,,,,
,,,,,,,,
,,,,,,,,
,,,,,,,,
,,,,,,,,
,,,,,,,,
,,,,,,,,
,,,,,,,,
,,,,,,,,
,,,,,,,,
,,,,,,,,
,,,,,,,,
,,,,,,,,
,,,,,,,,
,,,,,,,,
,,,,,,,,
,,,,,,,,
,,,,,,,,
,,,,,,,,
,,,,,,,,
,,,,,,,,
,,,,,,,,
,,,,,,,,
,,,,,,,,
,,,,,,,,
,,,,,,,,
,,,,,,,,
,,,,,,,,
,,,,,,,,
,,,,,,,,
,,,,,,,,
,,,,,,,,
,,,,,,,,
,,,,,,,,
,,,,,,,,
,,,,,,,,
,,,,,,,,
,,,,,,,,
,,,,,,,,
,,,,,,,,
,,,,,,,,
,,,,,,,,
,,,,,,,,
,,,,,,,,
,,,,,,,,
,,,,,,,,
,,,,,,,,
,,,,,,,,
,,,,,,,,
,,,,,,,,
,,,,,,,,
,,,,,,,,
,,,,,,,,
,,,,,,,,
,,,,,,,,
,,,,,,,,
,,,,,,,,
,,,,,,,,
,,,,,,,,
,,,,,,,,
,,,,,,,,
,,,,,,,,
,,,,,,,,
,,,,,,,,
,,,,,,,,
,,,,,,,,
,,,,,,,,
,,,,,,,,
,,,,,,,,
,,,,,,,,
,,,,,,,,
,,,,,,,,
,,,,,,,,
,,,,,,,,
,,,,,,,,
,,,,,,,,
,,,,,,,,
,,,,,,,,
,,,,,,,,
,,,,,,,,
,,,,,,,,
,,,,,,,,
,,,,,,,,
,,,,,,,,
,,,,,,,,
,,,,,,,,
,,,,,,,,
,,,,,,,,
,,,,,,,,
,,,,,,,,
,,,,,,,,
,,,,,,,,
,,,,,,,,
,,,,,,,,
,,,,,,,,
,,,,,,,,
,,,,,,,,
,,,,,,,,
,,,,,,,,
,,,,,,,,
,,,,,,,,